grid_x,grid_y,location
18.0,118.0,ARTHUR KILL RD
25.0,59.0,HYLAN BLVD
48.0,65.0,HYLAN BLVD
55.0,115.0,BLOOMINGDALE RD
74.0,77.0,HYLAN BLVD
79.0,173.0,VETERANS RD EAST
80.0,171.0,ARTHUR KILL RD
85.0,173.0,ARTHUR KILL RD
87.0,176.0,ARTHUR KILL RD
89.0,177.0,ARTHUR KILL RD
90.0,88.0,HYLAN BLVD
93.0,170.0,ARDEN AV
95.0,168.0,ARDEN AV
97.0,122.0,Drumgoole Rd
107.0,99.0,HYLAN BLVD
116.0,191.0,ARTHUR KILL RD
118.0,104.0,HYLAN BLVD
118.0,264.0,VICTORY BLVD
120.0,287.0,SOUTH AV
125.0,186.0,ARTHUR KILL RD
125.0,295.0,SOUTH AV
127.0,327.0,FOREST AV
129.0,328.0,FOREST AV
131.0,330.0,FOREST AV
133.0,180.0,ELTINGVILLE TRANSIT CTR
133.0,180.0,WAINWRIGHT AVE @ RICHMOND AVE
133.0,355.0,HOLLAND AV
134.0,181.0,ARTHUR KILL RD
135.0,216.0,RICHMOND AV
136.0,216.0,RICHMOND AV
136.0,217.0,YUKON AV
137.0,210.0,Independence Av
137.0,224.0,RING RD
138.0,162.0,RICHMOND AV
138.0,163.0,RICHMOND AV
138.0,243.0,RICHMOND AV
139.0,330.0,FOREST AV
140.0,244.0,RICHMOND AV
141.0,180.0,ARTHUR KILL RD
141.0,334.0,SOUTH AV
143.0,144.0,RICHMOND AV
143.0,248.0,RICHMOND AV
143.0,329.0,GRANDVIEW AV
143.0,336.0,GRANDVIEW AV
143.0,339.0,GRANDVIEW AV
146.0,219.0,MARSH AV
146.0,328.0,FOREST AV
147.0,139.0,RICHMOND AV
148.0,353.0,RICHMOND TERRACE
149.0,231.0,MARSH AV
150.0,284.0,VICTORY BLVD
150.0,327.0,FOREST AV
153.0,297.0,RICHMOND AV
157.0,286.0,VICTORY BLVD
157.0,326.0,FOREST AV
161.0,122.0,HYLAN BLVD
161.0,123.0,RICHMOND AV
161.0,287.0,VICTORY BLVD
162.0,287.0,VICTORY BLVD
165.0,125.0,HYLAN BLVD
167.0,324.0,FOREST AV
168.0,129.0,HYLAN BLVD
171.0,134.0,HYLAN BLVD
171.0,290.0,VICTORY BLVD
171.0,324.0,FOREST AV
173.0,324.0,FOREST AV
175.0,140.0,HYLAN BLVD
176.0,140.0,HYLAN BLVD
177.0,324.0,FOREST AV
178.0,319.0,WILLOWBROOK RD
183.0,261.0,FOREST HILL RD
184.0,323.0,FOREST AV
187.0,153.0,HYLAN BLVD
189.0,322.0,FOREST AV
191.0,156.0,HYLAN BLVD
193.0,324.0,FOREST AV
194.0,256.0,BRIELLE AV
197.0,162.0,HYLAN BLVD
200.0,165.0,HYLAN BLVD
201.0,296.0,VICTORY BLVD
201.0,357.0,RICHMOND TERRACE
203.0,296.0,VICTORY BLVD
204.0,212.0,RICHMOND RD
205.0,171.0,HYLAN BLVD
206.0,172.0,HYLAN BLVD
206.0,351.0,RICHMOND TERRACE
208.0,215.0,RICHMOND RD
214.0,297.0,VICTORY BLVD
214.0,344.0,CASTLETON AV
217.0,287.0,MANOR RD
218.0,180.0,HYLAN BLVD
218.0,288.0,SCHMIDTS LANE
219.0,180.0,HYLAN BLVD
220.0,345.0,CASTLETON AV
221.0,213.0,NEW DORP LANE
222.0,358.0,BROADWAY
223.0,345.0,BROADWAY
223.0,345.0,CASTLETON AV
225.0,188.0,HYLAN BLVD
225.0,332.0,FOREST AV
226.0,189.0,HYLAN BLVD
228.0,191.0,HYLAN BLVD
230.0,194.0,HYLAN BLVD
230.0,195.0,HYLAN BLVD
230.0,299.0,VICTORY BLVD
232.0,183.0,MILL RD
232.0,192.0,EBBITTS ST
232.0,197.0,Hylan Blvd
233.0,205.0,NEW DORP LANE
234.0,334.0,FOREST AV
236.0,202.0,HYLAN BLVD
237.0,202.0,NEW DORP LANE
238.0,335.0,FOREST AV
239.0,201.0,NEW DORP LANE
240.0,206.0,HYLAN BLVD
240.0,208.0,HYLAN BLVD
242.0,199.0,NEW DORP LANE
244.0,197.0,NEW DORP LANE
244.0,212.0,HYLAN BLVD
244.0,308.0,CLOVE RD
245.0,304.0,VICTORY BLVD BETWEEN MARINE CORP BD & SENEC
247.0,216.0,HYLAN BLVD
247.0,240.0,RICHMOND RD
248.0,218.0,HYLAN BLVD
248.0,302.0,CLOVE RD
249.0,219.0,MIDLAND AV
250.0,193.0,NEW DORP LANE
250.0,244.0,RICHMOND RD
251.0,249.0,RICHMOND RD
251.0,338.0,FOREST AV
255.0,314.0,VICTORY BLVD
257.0,344.0,CASTLETON AV
259.0,230.0,HYLAN BLVD
261.0,362.0,LAFAYETTE AV
262.0,208.0,MIDLAND AV
265.0,236.0,HYLAN BLVD
265.0,369.0,Richmond Terrace
267.0,273.0,TARGEE ST
267.0,327.0,VICTORY BLVD
267.0,328.0,VICTORY BLVD
268.0,290.0,NARROWS RD NORTH
269.0,203.0,MIDLAND AV
270.0,244.0,HYLAN BLVD
270.0,285.0,TARGEE ST
271.0,285.0,CLOVE RD
271.0,336.0,FOREST AV
271.0,372.0,RICHMOND TERRACE
272.0,372.0,RICHMOND TERRACE
273.0,208.0,FR CAPODANNO BLVD
274.0,252.0,HYLAN BLVD
276.0,258.0,HYLAN BLVD
277.0,344.0,CEBRA AV
277.0,344.0,VICTORY BLVD
278.0,296.0,TARGEE ST
278.0,376.0,RICHMOND TERRACE
279.0,299.0,TARGEE ST
279.0,302.0,TARGEE ST
279.0,375.0,RICHMOND TERRACE
280.0,213.0,FR CAPODANNO BLVD
281.0,321.0,BROAD ST
282.0,321.0,BROAD ST
285.0,308.0,VANDERBILT AV
285.0,373.0,RICHMOND TERRACE
287.0,322.0,BROAD ST
287.0,322.0,TOMPKINS AV
287.0,333.0,BEACH ST
289.0,222.0,FR CAPODANNO BLVD
289.0,316.0,TOMPKINS AV
290.0,327.0,CANAL ST
290.0,328.0,CANAL ST
290.0,353.0,VICTORY BLVD
291.0,222.0,FR CAPODANNO BLVD
291.0,313.0,TOMPKINS AV
291.0,313.0,VANDERBILT AV
291.0,315.0,TOMPKINS AV
292.0,280.0,HYLAN BLVD
292.0,352.0,VICTORY BLVD
292.0,365.0,RICHMOND TER BETWEEN BAY ST & SHUYLER ST
293.0,280.0,NARROWS RD S
293.0,331.0,BAY ST
293.0,352.0,BAY ST
293.0,354.0,BAY ST
293.0,364.0,RICHMOND TERRACE
294.0,346.0,BAY ST
294.0,366.0,RICHMOND TER BETWEEN BAY ST & SHOLER & FERR
295.0,315.0,VANDERBILT AV
295.0,342.0,BAY ST
295.0,363.0,ST GEORGE FERRY TERMINAL @ RICHMOND TERRACE
296.0,290.0,HYLAN BLVD
297.0,363.0,ST GEORGE FERRY TERMINAL
299.0,319.0,BAY ST
300.0,265.0,SAND LANE
301.0,315.0,BAY ST
302.0,261.0,MCCLEAN AV
302.0,262.0,SAND LANE
303.0,261.0,MCCLEAN AV
304.0,239.0,FR CAPODANNO BLVD
304.0,310.0,BAY ST
305.0,309.0,BAY ST
307.0,304.0,BAY ST
308.0,247.0,FR. CAPODANNO BLVD @ SAND LANE
310.0,264.0,MCCLEAN AV
313.0,294.0,BAY ST
315.0,258.0,FR CAPODANNO BLVD
316.0,288.0,BAY ST
353.0,315.0,SHORE RD
354.0,317.0,SHORE RD
361.0,295.0,SHORE RD
363.0,301.0,3 AV
367.0,312.0,3 AV
367.0,315.0,3 AV
369.0,321.0,3 AV
373.0,317.0,4 AV
373.0,334.0,3 AV
375.0,339.0,3 AV
376.0,306.0,92 ST
376.0,343.0,3 AV
377.0,347.0,3 AV
377.0,348.0,BAY RIDGE AV
378.0,315.0,86 ST
378.0,334.0,4 AV
381.0,288.0,POLY PL
381.0,313.0,86 ST
382.0,288.0,POLY PL
382.0,300.0,7 AV
382.0,301.0,92 ST
382.0,345.0,BAY RIDGE AV
383.0,311.0,86 ST
383.0,333.0,5 AV
383.0,334.0,BAY RIDGE PKWY
384.0,334.0,5 AV
384.0,334.0,BAY RIDGE PKWY
386.0,309.0,86 ST
387.0,370.0,2 AV
388.0,371.0,55 ST
391.0,305.0,86 ST
391.0,358.0,60 ST
393.0,326.0,BAY RIDGE PKWY
393.0,509.0,W THAMES ST
394.0,284.0,CROPSEY AV
394.0,325.0,BAY RIDGE PKWY
394.0,326.0,Ft Hamilton Pkwy
394.0,356.0,60 ST
394.0,502.0,BATTERY PL
394.0,512.0,SOUTH END AV
396.0,327.0,Ft Hamilton Pkwy
397.0,436.0,VAN DYKE ST
398.0,292.0,14 AV
398.0,299.0,86 ST
398.0,353.0,60 ST
398.0,369.0,52 ST
398.0,529.0,NORTH END AV
399.0,293.0,14 AV
399.0,339.0,8 AV
399.0,434.0,VAN DYKE ST
400.0,509.0,TRINITY PL
401.0,297.0,86 ST
401.0,332.0,Ft Hamilton Pkwy
401.0,364.0,5 AV
401.0,441.0,VAN BRUNT ST
402.0,350.0,60 ST
402.0,432.0,DWIGHT ST
402.0,532.0,HARRISON ST
403.0,333.0,Ft Hamilton Pkwy
403.0,444.0,VAN BRUNT ST
403.0,497.0,WATER ST
404.0,368.0,5 AV
404.0,369.0,5 AV
404.0,564.0,WEST ST
405.0,294.0,86 ST
405.0,348.0,60 ST
405.0,371.0,5 AV
406.0,293.0,86 St
406.0,347.0,60 St
406.0,499.0,WATER ST
406.0,548.0,SPRING ST
407.0,527.0,W BROADWAY
407.0,565.0,W 10 ST
408.0,313.0,BAY RIDGE PKWY
408.0,434.0,LORRAINE ST
408.0,449.0,VAN BRUNT ST
408.0,524.0,CHURCH ST
409.0,313.0,BAY RIDGE PKWY
409.0,502.0,WATER ST
409.0,553.0,KING ST
410.0,376.0,5 AV
410.0,453.0,VAN BRUNT ST
410.0,517.0,PARK ROW
410.0,561.0,HUDSON ST
411.0,276.0,18 AV
411.0,277.0,BATH AV
411.0,504.0,WATER ST
411.0,517.0,PARK ROW
411.0,528.0,CHURCH ST
411.0,565.0,HUDSON ST
411.0,569.0,HUDSON ST
412.0,388.0,37 ST
412.0,433.0,LORRAINE ST
412.0,528.0,WORTH ST
412.0,550.0,VARICK ST
412.0,592.0,10 AV
413.0,380.0,5 AV
413.0,537.0,6 AV
413.0,540.0,6 AV
413.0,581.0,W 14 ST
413.0,594.0,10 AV
414.0,382.0,39 ST
414.0,382.0,5 AV
414.0,389.0,4TH AV @ 36TH ST
414.0,432.0,LORRAINE ST
415.0,359.0,50 ST
415.0,452.0,COLUMBIA ST
415.0,508.0,PEARL ST
415.0,587.0,9 AV
415.0,597.0,10 AV
416.0,217.0,37 ST
416.0,360.0,8 AV
416.0,361.0,49 ST
416.0,453.0,COLUMBIA ST
416.0,510.0,PEARL ST
416.0,551.0,6 AV
416.0,580.0,W 14 ST
416.0,600.0,10 AV
417.0,209.0,SURF AV
417.0,284.0,18 AV
417.0,284.0,86 ST
417.0,285.0,18 AV
417.0,285.0,86 ST
417.0,456.0,COLUMBIA ST
417.0,553.0,W HOUSTON ST
417.0,554.0,6 AV
418.0,511.0,PEARL ST
418.0,512.0,FRANKFORT ST
418.0,603.0,10 AV
419.0,212.0,MERMAID AV
419.0,559.0,6 AV
420.0,389.0,5 AV
420.0,466.0,COLUMBIA ST
420.0,514.0,PEARL ST
420.0,593.0,W 23 ST
421.0,628.0,W 42 ST
422.0,208.0,W 33 ST
422.0,258.0,SHORE PKWY
422.0,303.0,BAY RIDGE PKWY
422.0,435.0,COURT ST
422.0,517.0,MADISON ST
422.0,550.0,W HOUSTON ST
422.0,551.0,W HOUSTON ST
422.0,564.0,6 AV
422.0,576.0,W 14 ST
422.0,601.0,9 AV
423.0,268.0,BATH AV
423.0,332.0,60 ST
423.0,333.0,60 ST
423.0,355.0,49 ST
423.0,592.0,23 ST @ 8TH AVE
423.0,592.0,W 23 ST
423.0,611.0,W 34 ST
424.0,261.0,CROPSEY AV
424.0,262.0,CROPSEY AV
424.0,302.0,BAY RIDGE PKWY
424.0,568.0,6 AV
424.0,592.0,8 AV
425.0,207.0,SURF AV
425.0,266.0,BATH AV
425.0,443.0,COURT ST
425.0,517.0,MADISON ST
425.0,549.0,HOUSTON ST BETWEEN MERCER ST & GREENE ST
426.0,295.0,18 AV
426.0,446.0,COURT ST
426.0,471.0,Atlantic Av
426.0,517.0,MADISON ST
426.0,520.0,EAST BROADWAY
426.0,584.0,7 AV
426.0,617.0,10 AV
427.0,259.0,CROPSEY AV
427.0,524.0,BOWERY
427.0,526.0,BOWERY
427.0,609.0,9 AV
428.0,298.0,18 AV
428.0,298.0,BAY RIDGE PKWY
428.0,589.0,W 23 ST
428.0,609.0,W 34 ST
428.0,624.0,W 42 ST
429.0,298.0,BAY RIDGE PKWY
429.0,588.0,W 23 ST
430.0,208.0,SURF AV
430.0,214.0,MERMAID AV
430.0,340.0,13 AV
430.0,370.0,39 ST
430.0,469.0,Atlantic Av
430.0,625.0,10 AV
430.0,637.0,W 50 ST
431.0,347.0,50 ST
431.0,350.0,49 ST
431.0,468.0,Atlantic Av
432.0,253.0,CROPSEY AV
432.0,273.0,BAY PKWY
432.0,540.0,BOWERY
432.0,595.0,7 AV
432.0,605.0,W 33 ST @ 8 AVENUE
432.0,628.0,10 AV
433.0,208.0,SURF AV
433.0,214.0,MERMAID AV
433.0,345.0,13 AV
433.0,368.0,39 ST
433.0,570.0,E 14 ST
433.0,606.0,W 34 ST
433.0,606.0,W 34 St
433.0,631.0,10 AV
434.0,347.0,49 ST
434.0,468.0,Atlantic Av
434.0,519.0,PIKE ST
434.0,522.0,PIKE ST
434.0,599.0,7 AV
434.0,620.0,W 42 ST
435.0,246.0,26 AV
435.0,408.0,5 AV
435.0,467.0,Atlantic Av
435.0,496.0,FRONT ST
435.0,518.0,MADISON ST
435.0,527.0,ALLEN ST
435.0,633.0,10 AV
436.0,209.0,SURF AV
436.0,471.0,LIVINGSTON ST
436.0,483.0,Cadman Plz West
436.0,490.0,Cadman Plz West
436.0,529.0,ALLEN ST
436.0,544.0,E HOUSTON ST
436.0,578.0,5 AV
436.0,646.0,W 57 ST
437.0,243.0,CROPSEY AV
437.0,310.0,18 AV
437.0,365.0,39 ST
437.0,482.0,Cadman Plz West
437.0,542.0,E HOUSTON ST
437.0,638.0,10 AV
438.0,210.0,SURF AV
438.0,344.0,49 ST
438.0,476.0,COURT ST
438.0,482.0,TILLARY ST
438.0,522.0,RUTGERS ST @ E. BROADWAY
438.0,573.0,E 17 ST @ BROADWAY
438.0,582.0,5 AV
438.0,594.0,6 AV
438.0,618.0,W 42 ST
439.0,312.0,18 AV
439.0,414.0,5 AV
439.0,470.0,BOERUM PL
439.0,472.0,BOERUM PL
439.0,519.0,MADISON ST
439.0,566.0,4 AV
440.0,215.0,MERMAID AV
440.0,282.0,BAY PKWY
440.0,475.0,ADAMS ST
440.0,527.0,GRAND ST
440.0,528.0,ESSEX ST
440.0,539.0,ALLEN ST
440.0,541.0,ALLEN ST
440.0,542.0,E HOUSTON ST
440.0,551.0,2 AV
440.0,582.0,E 23 ST
440.0,631.0,9 AV
441.0,543.0,1 AV
441.0,587.0,5 AV
441.0,588.0,5 AV
441.0,611.0,7 AV
441.0,644.0,10 AV
441.0,644.0,W 57 ST
441.0,656.0,WEST END AV
442.0,286.0,BAY PKWY
442.0,469.0,LIVINGSTON ST
442.0,472.0,FULTON ST
442.0,490.0,SANDS ST
442.0,527.0,Grand St
442.0,544.0,1 AV
442.0,555.0,2 AV
442.0,564.0,3 AV
442.0,565.0,E 14 ST
442.0,581.0,E 23 ST
442.0,601.0,W 34 St
442.0,657.0,West End Av
443.0,285.0,STILLWELL AV
443.0,317.0,18 AV
443.0,317.0,60 ST
443.0,318.0,18 AV
443.0,471.0,FULTON ST
443.0,519.0,MADISON ST
443.0,583.0,MADISON AV
443.0,591.0,5 AV
443.0,602.0,6 AV
443.0,638.0,9 AV
443.0,648.0,AMSTERDAM AV
443.0,658.0,W 65 ST
443.0,660.0,WEST END AV
444.0,231.0,CROPSEY AV
444.0,264.0,25 AV
444.0,281.0,KINGS HWY
444.0,359.0,39 ST
444.0,422.0,5 AV
444.0,423.0,9 ST
444.0,519.0,MADISON ST
444.0,526.0,GRAND ST
444.0,547.0,1 AV
444.0,565.0,3 AV
444.0,581.0,E 23 ST
444.0,586.0,MADISON AV
444.0,659.0,W 66 ST
444.0,663.0,WEST END AV
444.0,666.0,W 70 ST
445.0,270.0,STILLWELL AV
445.0,358.0,39 ST
445.0,405.0,7 AV
445.0,422.0,9 ST
445.0,470.0,FULTON ST
445.0,579.0,E 23 ST
445.0,641.0,9TH AV BETWEEN W 57 ST & W 56 ST
445.0,642.0,W 57 ST
446.0,216.0,MERMAID AV
446.0,264.0,STILLWELL AV
446.0,467.0,LIVINGSTON ST
446.0,520.0,MADISON ST
446.0,543.0,AV A
446.0,561.0,2 AV
446.0,562.0,2 AV
446.0,569.0,3 AV
446.0,596.0,5 AV
446.0,641.0,W 57 ST
446.0,666.0,WEST END AV
447.0,261.0,86 ST
447.0,520.0,MADISON ST
447.0,524.0,GRAND ST
447.0,525.0,GRAND ST
447.0,544.0,AV A
447.0,562.0,E 14 ST
447.0,579.0,E 23 ST
447.0,585.0,PARK AV
447.0,592.0,MADISON AV
447.0,632.0,8 AV
447.0,644.0,9 AV
447.0,655.0,W 65 ST
447.0,668.0,WEST END AV
448.0,281.0,KINGS HWY
448.0,428.0,5 AV
448.0,520.0,MADISON ST
448.0,539.0,E HOUSTON ST
448.0,546.0,AV A
448.0,578.0,23 ST BETWEEN LEXINGTON AV & 3RD AV
448.0,600.0,5 Av
448.0,646.0,COLUMBUS AV
448.0,668.0,W 72 ST
449.0,281.0,KINGS HWY
449.0,356.0,14 AV
449.0,430.0,5 AV
449.0,490.0,SANDS ST
449.0,594.0,MADISON AV
449.0,627.0,W 50 ST
449.0,659.0,AMSTERDAM AV
450.0,296.0,BAY PKWY
450.0,358.0,14 AV
450.0,396.0,Prospect Park West
450.0,468.0,FULTON ST
450.0,489.0,GOLD ST
450.0,490.0,SANDS ST
450.0,493.0,GOLD ST
450.0,524.0,GRAND ST
450.0,551.0,AV A
450.0,576.0,E 23 ST
450.0,577.0,3 AV
450.0,578.0,3 AV
450.0,596.0,MADISON AV
450.0,615.0,6 AV
451.0,459.0,ATLANTIC AV
451.0,468.0,FULTON ST
451.0,487.0,NASSAU ST
451.0,521.0,MADISON ST
451.0,560.0,14 ST BETWEEN AVE A & 1ST AV
451.0,560.0,E 14 ST
451.0,561.0,1 AV
451.0,561.0,1 Av
451.0,570.0,2 AV
451.0,604.0,5 Av
451.0,605.0,5 Av
451.0,606.0,5 Av
451.0,617.0,6 AV
451.0,639.0,W 57 ST
451.0,640.0,8 AV
451.0,645.0,BROADWAY
451.0,651.0,BROADWAY
451.0,655.0,W 66 ST
451.0,658.0,BROADWAY
451.0,662.0,BROADWAY
451.0,666.0,W 72 ST
452.0,561.0,1 AV
452.0,596.0,E 34 ST
452.0,596.0,E 34 St
452.0,599.0,MADISON AV
452.0,607.0,5 Av
452.0,645.0,BROADWAY
452.0,652.0,W 65 ST
452.0,655.0,BROADWAY
452.0,661.0,BROADWAY
452.0,669.0,BROADWAY
453.0,458.0,Atlantic Av
453.0,466.0,FULTON ST
453.0,468.0,DEKALB AV @ FLATBUSH AVENUE
453.0,523.0,GRAND ST
453.0,554.0,AV A
453.0,564.0,1 AV
453.0,574.0,2 AV
453.0,575.0,E 23 ST
453.0,595.0,E 34 ST
453.0,609.0,5 Av
453.0,632.0,7 AV
453.0,637.0,W 57 ST
453.0,654.0,W 66 ST
453.0,666.0,AMSTERDAM AV
453.0,671.0,BROADWAY
453.0,672.0,BROADWAY
454.0,215.0,SURF AV @ STILLWELL AVENUE
454.0,280.0,KINGS HWY
454.0,438.0,5 AV
454.0,520.0,JACKSON ST
454.0,538.0,AV C
454.0,574.0,E 23 ST
454.0,604.0,MADISON AV
454.0,622.0,6 AV
454.0,623.0,6 AV
454.0,658.0,COLUMBUS AV
454.0,674.0,BROADWAY
454.0,677.0,BROADWAY
454.0,677.0,W 79 ST
455.0,373.0,CATON AV
455.0,374.0,CATON AV
455.0,527.0,DELANCEY ST
455.0,530.0,COLUMBIA ST
455.0,558.0,E 14TH ST
455.0,577.0,2 AV
455.0,586.0,3 AV
455.0,612.0,5 Av
455.0,637.0,7TH AV BETWEEN W 58 ST & W 57 ST
455.0,670.0,AMSTERDAM AV
456.0,252.0,86 ST
456.0,303.0,BAY PKWY
456.0,364.0,MCDONALD AV
456.0,476.0,MYRTLE AV
456.0,522.0,LEWIS ST
456.0,542.0,AV C
456.0,569.0,1 AV
456.0,614.0,5 Av
456.0,615.0,5 Av
456.0,678.0,BROADWAY
457.0,425.0,7 AV
457.0,456.0,Atlantic Av
457.0,464.0,FULTON ST
457.0,544.0,AV C
457.0,545.0,AV C
457.0,568.0,E 20 ST
457.0,573.0,E 23 ST
457.0,590.0,3 AV
457.0,628.0,6 AV
457.0,662.0,COLUMBUS AV
457.0,673.0,AMSTERDAM AV
457.0,681.0,BROADWAY
458.0,305.0,60 ST
458.0,305.0,BAY PKWY
458.0,306.0,BAY PKWY
458.0,374.0,CATON AV
458.0,476.0,MYRTLE AV BETWEEN EDWARDS ST & NAVY ST
458.0,521.0,GRAND ST
458.0,534.0,E HOUSTON ST
458.0,536.0,AV D
458.0,556.0,14 ST BETWEEN AVE B & AVE A
458.0,556.0,E 14 ST
458.0,572.0,E 23 ST
458.0,574.0,1 AV
458.0,593.0,E 34 ST
458.0,618.0,5 Av
458.0,675.0,W 79 ST
458.0,676.0,AMSTERDAM AV
458.0,682.0,BROADWAY
458.0,684.0,BROADWAY
459.0,336.0,18 AV
459.0,520.0,GRAND ST
459.0,575.0,1 AV
459.0,620.0,5 Av
459.0,631.0,6 AV
459.0,632.0,6 AV
460.0,214.0,SURF AV
460.0,261.0,AV U
460.0,336.0,18 AV
460.0,365.0,CHURCH AV
460.0,401.0,Prospect Park Southwest
460.0,450.0,5 AV
460.0,451.0,DEAN ST
460.0,468.0,DEKALB AV
460.0,540.0,AV D
460.0,549.0,AV C
460.0,550.0,AV C
460.0,577.0,1 AV
460.0,633.0,W 57 ST
460.0,679.0,AMSTERDAM AV
460.0,685.0,BROADWAY
460.0,687.0,BROADWAY
460.0,687.0,W 86 ST
461.0,278.0,KINGS HWY
461.0,551.0,AV C
461.0,597.0,3 AV
461.0,623.0,5 Av
461.0,671.0,COLUMBUS AV
462.0,314.0,BAY PKWY
462.0,326.0,AV I
462.0,367.0,CHURCH AV
462.0,476.0,MYRTLE AV
462.0,547.0,E 10 ST
462.0,554.0,AV C
462.0,554.0,E 14 ST
462.0,581.0,1 Av
462.0,591.0,E 34 ST
462.0,604.0,E 42 ST
462.0,605.0,E 42 ST
462.0,624.0,5 Av
462.0,682.0,AMSTERDAM AV
462.0,688.0,BROADWAY
462.0,690.0,BROADWAY
463.0,627.0,5 Av
463.0,675.0,COLUMBUS AV
463.0,686.0,W 86 ST
463.0,690.0,BROADWAY
464.0,261.0,AV U
464.0,315.0,Bay PKWY
464.0,557.0,AV C
464.0,564.0,AV C
464.0,685.0,W 86 ST
464.0,692.0,BROADWAY
465.0,213.0,SURF AV
465.0,223.0,NEPTUNE AV
465.0,236.0,AV Z
465.0,244.0,SHELL RD
465.0,246.0,Av X
465.0,247.0,SHELL RD
465.0,393.0,Prospect Park Southwest
465.0,559.0,AV C
465.0,588.0,E 34 ST
465.0,589.0,E 34 ST
465.0,596.0,2 AV
465.0,631.0,5 Av
465.0,695.0,BROADWAY
466.0,261.0,AV U
466.0,278.0,KINGS HWY
466.0,369.0,CHURCH AV
466.0,441.0,7 AV
466.0,680.0,COLUMBUS AV
466.0,694.0,BROADWAY
467.0,215.0,W 5 ST
467.0,216.0,W 5 ST
467.0,262.0,AV U
467.0,385.0,Prospect Park Southwest
467.0,387.0,Prospect Park Southwest
467.0,476.0,MYRTLE AV
467.0,589.0,1 AV
467.0,607.0,3 AV
468.0,216.0,W BRIGHTON AV
468.0,218.0,W 5 ST
468.0,222.0,W 5 ST
468.0,224.0,NEPTUNE AV
468.0,277.0,KINGS HWY
468.0,341.0,18 AV
468.0,459.0,GREENE AV
468.0,601.0,2 AV
468.0,602.0,E 42 ST
468.0,682.0,COLUMBUS AV
468.0,683.0,W 86 ST
468.0,693.0,AMSTERDAM AV
468.0,701.0,W 96 ST
469.0,223.0,W 5 ST
469.0,278.0,KINGS HWY
469.0,379.0,Coney Island Av
469.0,380.0,Coney Island Av
469.0,588.0,FDR DR SRV RD
469.0,601.0,E 42 ST
469.0,611.0,3 AV
469.0,614.0,E 49 ST
469.0,629.0,E 57 ST
469.0,673.0,W 81 ST
469.0,696.0,AMSTERDAM AV
469.0,702.0,BROADWAY
470.0,247.0,AV X
470.0,322.0,AV J
470.0,433.0,GRAND ARMY PLZ
470.0,457.0,FULTON ST
470.0,687.0,COLUMBUS AV
470.0,702.0,BROADWAY
471.0,247.0,AV X
471.0,372.0,Coney Island Av
471.0,600.0,E 42 ST
471.0,607.0,2 AV
471.0,706.0,BROADWAY
472.0,435.0,VANDERBILT AV
472.0,475.0,VANDERBILT AV
472.0,476.0,VANDERBILT AV
472.0,597.0,E 41 ST
472.0,681.0,W 86 ST
472.0,691.0,COLUMBUS AV
472.0,699.0,W 96TH ST
472.0,700.0,AMSTERDAM AV
472.0,700.0,W 96 ST
473.0,278.0,KINGS HWY
473.0,435.0,VANDERBILT AV
473.0,438.0,VANDERBILT AV
473.0,468.0,VANDERBILT AV
473.0,600.0,1 AV
473.0,680.0,W 86 ST
473.0,703.0,AMSTERDAM AV
473.0,708.0,BROADWAY
473.0,709.0,BROADWAY
474.0,224.0,NEPTUNE AV
474.0,247.0,AV X
474.0,429.0,FLATBUSH AV
474.0,441.0,VANDERBILT AV
474.0,461.0,VANDERBILT AV
474.0,463.0,VANDERBILT AV
474.0,467.0,VANDERBILT AV
474.0,601.0,1 AV
474.0,612.0,2 AV
474.0,626.0,E 57 ST
474.0,694.0,COLUMBUS AV
474.0,712.0,BROADWAY
475.0,225.0,NEPTUNE AV
475.0,603.0,1 AV
475.0,622.0,3 AV
475.0,706.0,AMSTERDAM AV
475.0,715.0,BROADWAY
475.0,719.0,BROADWAY
476.0,224.0,OCEAN PKWY
476.0,225.0,OCEAN PKWY
476.0,228.0,OCEAN PKWY
476.0,280.0,KINGS HWY
476.0,357.0,CORTELYOU RD
476.0,451.0,VANDERBILT AV
476.0,624.0,3 Av
476.0,625.0,E 57 ST
476.0,698.0,COLUMBUS AV
476.0,716.0,BROADWAY
477.0,227.0,OCEAN PKWY
477.0,234.0,OCEAN PKWY
477.0,339.0,Coney Island Av
477.0,344.0,Coney Island Av
477.0,481.0,PARK AV
477.0,610.0,E 49 ST
477.0,618.0,2 AV
477.0,624.0,E 57 ST
477.0,697.0,W 96 ST
477.0,709.0,AMSTERDAM AV
477.0,720.0,BROADWAY
477.0,722.0,BROADWAY
478.0,238.0,AV Z
478.0,281.0,KINGS HWY
478.0,340.0,FOSTER AV
478.0,502.0,WYTHE AV
478.0,610.0,1 AV
478.0,711.0,AMSTERDAM AV
478.0,721.0,W 110 ST
478.0,725.0,BROADWAY
479.0,238.0,AV Z
479.0,328.0,Coney Island Av
479.0,623.0,E 57 ST
480.0,322.0,Coney Island Av
480.0,461.0,GREENE AV
480.0,650.0,E 72 ST
480.0,694.0,W 96 ST
480.0,713.0,W 106 ST
480.0,714.0,AMSTERDAM AV
480.0,728.0,BROADWAY
481.0,323.0,AV J
481.0,453.0,FULTON ST
481.0,498.0,WYTHE AV
481.0,706.0,COLUMBUS AV
482.0,307.0,AV M
482.0,443.0,BERGEN ST
482.0,443.0,WASHINGTON AV
482.0,628.0,2 AV
482.0,718.0,AMSTERDAM AV
482.0,730.0,BROADWAY
482.0,738.0,RIVERSIDE DR
483.0,264.0,AV U
483.0,439.0,WASHINGTON AV
483.0,468.0,DEKALB AV
483.0,618.0,1 AV
483.0,636.0,3 AV
483.0,700.0,CENTRAL PARK WEST
483.0,719.0,W 110 ST
484.0,218.0,Brighton Beach Av
484.0,297.0,Coney Island Av
484.0,344.0,FOSTER AV
484.0,434.0,STERLING PL
484.0,503.0,BEDFORD AV
484.0,621.0,1 AV
484.0,711.0,W 106 ST
485.0,285.0,Coney Island Av
485.0,291.0,Coney Island Av
485.0,345.0,FOSTER AV
485.0,407.0,FLATBUSH AV
485.0,408.0,FLATBUSH AV
485.0,452.0,FULTON ST
485.0,462.0,GREENE AV
485.0,491.0,Williamsburg St
485.0,621.0,1 AV
485.0,632.0,2 AV
485.0,647.0,E 72 ST
485.0,648.0,E 72 ST
485.0,714.0,COLUMBUS AV
485.0,736.0,BROADWAY
486.0,274.0,Coney Island Av
486.0,281.0,Coney Island Av
486.0,284.0,Coney Island Av
486.0,285.0,KINGS HWY
486.0,390.0,PARKSIDE AV
486.0,409.0,EMPIRE BLVD
486.0,424.0,CLASSON AV
486.0,426.0,CLASSON AV
486.0,488.0,CLASSON AV
486.0,642.0,3 AV
486.0,660.0,E 79 ST
486.0,717.0,W 110 ST
486.0,726.0,AMSTERDAM AV
486.0,728.0,AMSTERDAM AV
486.0,739.0,BROADWAY
487.0,249.0,Coney Island Av
487.0,264.0,AV U
487.0,265.0,Coney Island Av
487.0,270.0,Coney Island Av
487.0,505.0,Lee Av
487.0,711.0,MANHATTAN AV
487.0,716.0,COLUMBUS AV
487.0,728.0,AMSTERDAM AV
488.0,228.0,NEPTUNE AV
488.0,239.0,Coney Island Av
488.0,240.0,AV Z
488.0,241.0,Coney Island Av
488.0,250.0,Coney Island Av
488.0,286.0,KINGS HWY
488.0,308.0,AV M
488.0,401.0,FLATBUSH AV
488.0,431.0,ST JOHNS PL
488.0,469.0,DEKALB AV
488.0,511.0,BROADWAY
488.0,637.0,2 AV
488.0,638.0,2 AV
488.0,645.0,E 72 ST
488.0,646.0,3 AV
488.0,716.0,W 110 ST
488.0,730.0,AMSTERDAM AV
488.0,740.0,BROADWAY
489.0,228.0,Coney Island Av
489.0,286.0,KINGS HWY
489.0,392.0,PARKSIDE AV
489.0,521.0,DRIGGS AV
489.0,732.0,AMSTERDAM AV
489.0,743.0,BROADWAY
489.0,751.0,ST CLAIR PL
490.0,228.0,NEPTUNE AV
490.0,458.0,GATES AV
490.0,631.0,1 AV
490.0,715.0,W 110 ST
490.0,733.0,AMSTERDAM AV
490.0,746.0,BROADWAY
491.0,423.0,FRANKLIN AV
491.0,452.0,CLASSON AV
491.0,644.0,E 72 ST
491.0,715.0,W 110 ST
491.0,734.0,AMSTERDAM AV
491.0,746.0,BROADWAY
492.0,288.0,KINGS HWY @ E. 15TH ST
492.0,346.0,OCEAN AV
492.0,349.0,FOSTER AV
492.0,521.0,ROEBLING ST
492.0,635.0,1 AV
492.0,653.0,3 AV
492.0,738.0,AMSTERDAM AV
492.0,747.0,W 125 ST
493.0,335.0,OCEAN AV
493.0,342.0,OCEAN AV
493.0,474.0,FRANKLIN AV
493.0,627.0,YORK AV
493.0,656.0,E 79 ST
493.0,716.0,FREDERICK DOUGLASS BLVD
493.0,722.0,MANHATTAN AV
493.0,738.0,AMSTERDAM AV
494.0,325.0,AV J
494.0,391.0,CLARKSON AV
494.0,414.0,BEDFORD AV
494.0,467.0,FRANKLIN AV
494.0,639.0,1 AV
494.0,655.0,E 79 ST
494.0,724.0,MANHATTAN AV
494.0,742.0,AMSTERDAM AV
494.0,760.0,W 135 ST
495.0,325.0,OCEAN AV
495.0,392.0,BEDFORD AV
495.0,631.0,YORK AV
495.0,632.0,YORK AV
495.0,642.0,E 72 ST
495.0,725.0,MANHATTAN AV
495.0,744.0,W 125 ST
495.0,754.0,BROADWAY
496.0,241.0,AV Z
496.0,291.0,E 18 ST
496.0,310.0,AV M
496.0,359.0,FLATBUSH AV
496.0,371.0,BEDFORD AV
496.0,380.0,BEDFORD AV
496.0,439.0,FRANKLIN AV
496.0,641.0,E 72 ST
496.0,642.0,1 AV
496.0,661.0,3 AV
496.0,722.0,FREDERICK DOUGLASS BLVD
496.0,723.0,W 116 ST
496.0,742.0,W 125 ST
496.0,743.0,AMSTERDAM AV
496.0,754.0,BROADWAY
496.0,757.0,BROADWAY
496.0,758.0,W 135 ST
497.0,290.0,KINGS HWY
497.0,309.0,OCEAN AV BETWEEN AV M & BAY ST
497.0,315.0,AV L
497.0,380.0,CHURCH AV
497.0,428.0,ST JOHNS PL
497.0,440.0,DEAN ST
497.0,449.0,FULTON ST BETWEEN FRANKLIN AV & SPENSER
497.0,467.0,Bedford Av
497.0,513.0,RODNEY ST
497.0,635.0,YORK AV
497.0,653.0,2 AV
497.0,654.0,E 79 ST
497.0,712.0,W 110 ST
498.0,218.0,Brighton Beach Av
498.0,230.0,NEPTUNE AV
498.0,305.0,OCEAN AV
498.0,459.0,Gates Av
498.0,684.0,MADISON AV
498.0,714.0,ADAM CLAYTON POWELL BLVD
498.0,738.0,W 125 ST
498.0,749.0,AMSTERDAM AV
498.0,757.0,W 135 ST
498.0,758.0,BROADWAY
499.0,230.0,SHORE BLVD
499.0,266.0,AV U
499.0,292.0,KINGS HWY
499.0,293.0,AV P
499.0,293.0,OCEAN AV
499.0,409.0,Rogers Av
499.0,410.0,Rogers Av
499.0,448.0,Fulton St
499.0,558.0,MANHATTAN AV
499.0,639.0,E 72 ST
499.0,639.0,YORK AV
499.0,658.0,2 AV
499.0,684.0,E 96 ST
499.0,750.0,AMSTERDAM AV
499.0,760.0,BROADWAY BETWEEN HAMILTON & W 137 ST
499.0,762.0,BROADWAY
500.0,217.0,WEST END AV
500.0,221.0,WEST END AV
500.0,223.0,WEST END AV
500.0,240.0,E 16 ST
500.0,266.0,AV U
500.0,423.0,ROGERS AV
500.0,427.0,ROGERS AV
500.0,449.0,Bedford Av
500.0,454.0,PUTNAM AV
500.0,490.0,LEE AV
500.0,640.0,YORK AV
500.0,667.0,3 AV
500.0,716.0,ADAM CLAYTON POWELL BLVD
500.0,764.0,BROADWAY
501.0,217.0,ORIENTAL BLVD
501.0,336.0,Bedford Av
501.0,339.0,BEDFORD AV
501.0,340.0,BEDFORD AV
501.0,342.0,GLENWOOD RD
501.0,382.0,ROGERS AV
501.0,382.0,Rogers Av
501.0,393.0,ROGERS AV
501.0,439.0,DEAN ST
501.0,585.0,JACKSON AVE @ 50 AVENUE
501.0,643.0,YORK AVE
501.0,721.0,W 116 ST
501.0,753.0,AMSTERDAM AV
502.0,471.0,DEKALB AV
502.0,480.0,MYRTLE AV
502.0,599.0,VERNON BLVD
502.0,600.0,VERNON BLVD
502.0,651.0,E 79 ST
502.0,653.0,1 AV
502.0,653.0,1 Av
502.0,690.0,MADISON AV
502.0,719.0,W 116 ST
502.0,720.0,ADAM CLAYTON POWELL BLVD
502.0,736.0,W 125 ST
502.0,736.0,W 125 St
502.0,766.0,BROADWAY
503.0,242.0,AV Z
503.0,266.0,OCEAN AV
503.0,267.0,AV U
503.0,267.0,OCEAN AV
503.0,410.0,EMPIRE BLVD
503.0,470.0,Nostrand Av
503.0,645.0,YORK AV
503.0,646.0,YORK AV
503.0,664.0,2 Av
503.0,673.0,3 AV
503.0,691.0,MADISON AV
503.0,736.0,W 125 ST
503.0,773.0,W 145 ST
504.0,267.0,AV U
504.0,293.0,KINGS HWY
504.0,354.0,FOSTER AV
504.0,409.0,NOSTRAND AV
504.0,417.0,NOSTRAND AV
504.0,460.0,GATES AV
504.0,460.0,GATES AV BETWEEN NOSTRAND AV & BEDFORD
504.0,544.0,BEDFORD AV
504.0,649.0,YORK AV
504.0,650.0,E 79 ST
504.0,694.0,MADISON AV
504.0,726.0,ADAM CLAYTON POWELL BLVD
504.0,735.0,W 125 ST
504.0,736.0,FREDERICK DOUGLASS BLVD
504.0,759.0,AMSTERDAM AV
505.0,233.0,SHEEPSHEAD BAY RD
505.0,242.0,AV Z
505.0,410.0,EMPIRE BLVD
505.0,423.0,NOSTRAND AV
505.0,426.0,Nostrand Av
505.0,427.0,ST JOHNS PL
505.0,447.0,FULTON ST
505.0,538.0,LORIMER ST
505.0,650.0,E 79 ST
505.0,650.0,YORK AV
505.0,695.0,MADISON AV
505.0,728.0,ADAM CLAYTON POWELL BLVD
505.0,760.0,AMSTERDAM AV
505.0,772.0,BROADWAY
506.0,243.0,AV Z
506.0,247.0,OCEAN AV
506.0,345.0,GLENWOOD RD
506.0,380.0,NOSTRAND AV
506.0,390.0,NOSTRAND AV
506.0,439.0,DEAN ST
506.0,440.0,NOSTRAND AV
506.0,446.0,Nostrand Av
506.0,450.0,HALSEY ST
506.0,685.0,LEXINGTON AV
506.0,698.0,MADISON AV
506.0,739.0,FREDERICK DOUGLASS BLVD
506.0,740.0,FREDERICK DOUGLASS BLVD
506.0,771.0,W 145 St
506.0,772.0,BROADWAY
507.0,237.0,OCEAN AV
507.0,243.0,AV Z
507.0,244.0,OCEAN AV
507.0,522.0,METROPOLITAN AV
507.0,653.0,YORK AV
507.0,662.0,E 86 ST
507.0,680.0,E 96 ST
507.0,688.0,LEXINGTON AV
507.0,717.0,W 116 ST
507.0,718.0,MALCOLM X BLVD
507.0,742.0,FREDERICK DOUGLASS BLVD
508.0,357.0,Nostrand Av
508.0,359.0,AV D
508.0,648.0,E 79 ST
508.0,654.0,YORK AV
508.0,656.0,YORK AV
508.0,663.0,1 Av
508.0,674.0,2 AV
508.0,681.0,3 AV
508.0,701.0,MADISON AV
508.0,721.0,MALCOLM X BLVD
508.0,734.0,ADAM CLAYTON POWELL BLVD
508.0,734.0,W 125 ST
508.0,766.0,AMSTERDAM AV
508.0,793.0,RIVERSIDE DR WEST
509.0,299.0,KINGS HWY
509.0,344.0,GLENWOOD RD
509.0,410.0,NEW YORK AV
509.0,461.0,GATES AV
509.0,469.0,LAFAYETTE AV
509.0,500.0,BROADWAY
509.0,501.0,LORIMER ST
509.0,504.0,LORIMER ST
509.0,505.0,LORIMER ST
509.0,506.0,MONTROSE AV
509.0,508.0,LORIMER ST
509.0,649.0,E 80 ST
509.0,657.0,YORK AV
509.0,704.0,MADISON AV
509.0,732.0,W 125 ST
509.0,752.0,ST NICHOLAS AV
509.0,767.0,AMSTERDAM AV
509.0,769.0,AMSTERDAM AV
509.0,769.0,W 145 ST
509.0,778.0,BROADWAY
510.0,300.0,KINGS HWY
510.0,339.0,NOSTRAND AV
510.0,424.0,NEW YORK AV
510.0,427.0,ST JOHNS PL
510.0,430.0,NEW YORK AV
510.0,434.0,NEW YORK AV
510.0,437.0,BERGEN ST
510.0,598.0,44 DR
510.0,616.0,41 AV
510.0,666.0,1 AV
510.0,677.0,2 Av
510.0,678.0,E 96 ST
510.0,685.0,3 AV
510.0,737.0,ADAM CLAYTON POWELL BLVD
510.0,769.0,W 145 St
510.0,770.0,AMSTERDAM AV
510.0,781.0,Broadway
511.0,268.0,AV U
511.0,328.0,NOSTRAND AV
511.0,382.0,NEW YORK AV
511.0,392.0,CLARKSON AV
511.0,392.0,NEW YORK AV
511.0,443.0,NEW YORK AV
511.0,481.0,MYRTLE AV
511.0,484.0,TOMPKINS AV
511.0,660.0,YORK AV
511.0,680.0,2 AV
511.0,695.0,LEXINGTON AV
511.0,706.0,MADISON AV
511.0,714.0,5 AV
511.0,714.0,W 116 St
512.0,381.0,CHURCH AV
512.0,480.0,TOMPKINS AV
512.0,561.0,GREENPOINT AV
512.0,662.0,YORK AV
512.0,679.0,E 97 ST
512.0,689.0,3 AV
512.0,695.0,E 106 ST
512.0,714.0,E 116 ST
512.0,750.0,FREDERICK DOUGLASS BLVD
512.0,758.0,ST NICHOLAS AV
512.0,760.0,ST NICHOLAS AV
512.0,785.0,BROADWAY
513.0,317.0,NOSTRAND AV
513.0,411.0,EMPIRE BLVD
513.0,469.0,TOMPKINS AV
513.0,497.0,BROADWAY
513.0,603.0,21 ST
513.0,619.0,40 AV
513.0,619.0,VERNON BLVD
513.0,672.0,1 AV
513.0,709.0,MADISON AV
513.0,717.0,5 AV
513.0,731.0,W 125 ST
513.0,742.0,ADAM CLAYTON POWELL BLVD
513.0,785.0,W 155 ST
513.0,790.0,EDWARD MORGAN PL
514.0,268.0,AV U
514.0,304.0,NOSTRAND AV
514.0,461.0,GATES AV
514.0,470.0,LAFAYETTE AV
514.0,527.0,GRAHAM AV
514.0,532.0,GRAHAM AV
514.0,533.0,GRAHAM AV
514.0,583.0,49 AV
514.0,678.0,E 97 ST
514.0,685.0,2 AV
514.0,713.0,E 116 ST
514.0,720.0,5 AV
514.0,730.0,W 125 St
514.0,731.0,MALCOLM X BLVD
515.0,303.0,NOSTRAND AV
515.0,304.0,KINGS HWY
515.0,392.0,CLARKSON AV
515.0,519.0,GRAHAM AV
515.0,522.0,GRAHAM AV
515.0,523.0,GRAHAM AV
515.0,523.0,GRAHAM AV @ METROPOLITAN AVE
515.0,528.0,GRAHAM AV
515.0,622.0,VERNON BLVD
515.0,694.0,E 106 ST
515.0,695.0,3 AV
515.0,712.0,E 116 St
515.0,734.0,MALCOLM X BLVD
515.0,779.0,AMSTERDAM AV
515.0,789.0,BROADWAY
515.0,796.0,FT WASHINGTON AV
516.0,297.0,NOSTRAND AV
516.0,333.0,FLATBUSH AV
516.0,446.0,BROOKLYN AV
516.0,451.0,TOMPKINS AV
516.0,516.0,GRAHAM AV
516.0,517.0,GRAHAM AV
516.0,520.0,GRAHAM AV
516.0,616.0,40 AV
516.0,678.0,1 AV
516.0,678.0,1 Av
516.0,747.0,ADAM CLAYTON POWELL BLVD
516.0,792.0,BROADWAY
516.0,793.0,BROADWAY
516.0,799.0,FT WASHINGTON AV
517.0,269.0,AV U
517.0,285.0,NOSTRAND AV
517.0,291.0,NOSTRAND AV
517.0,446.0,FULTON ST
517.0,447.0,TOMPKINS AV
517.0,474.0,DEKALB AV
517.0,482.0,MYRTLE AV
517.0,482.0,THROOP AV
517.0,505.0,GRAHAM AV
517.0,506.0,GRAHAM AV
517.0,594.0,JACKSON AV
517.0,605.0,QUEENS PLZ SOUTH
517.0,608.0,21 ST
517.0,680.0,1 AV
517.0,747.0,ADAM CLAYTON POWELL BLVD
517.0,759.0,FREDERICK DOUGLASS BLVD
517.0,802.0,FT WASHINGTON AV
518.0,232.0,EMMONS AV
518.0,254.0,AV X
518.0,413.0,KINGSTON AV
518.0,495.0,GRAHAM AV
518.0,501.0,GRAHAM AV
518.0,507.0,MONTROSE AV
518.0,611.0,21 ST
518.0,615.0,40 AV
518.0,691.0,2 AV
518.0,693.0,2 AV
518.0,693.0,E 106 ST
518.0,711.0,E 116 ST
518.0,727.0,5 AV
518.0,728.0,W 125 ST
518.0,751.0,ADAM CLAYTON POWELL BLVD
518.0,761.0,FREDERICK DOUGLASS BLVD
518.0,774.0,ST NICHOLAS AV
518.0,783.0,W 155 ST
518.0,784.0,AMSTERDAM AV
518.0,795.0,BROADWAY
518.0,803.0,FT WASHINGTON AV
519.0,269.0,AV U
519.0,269.0,Nostrand Av
519.0,270.0,NOSTRAND AV
519.0,310.0,KINGS HWY
519.0,393.0,CLARKSON AV
519.0,417.0,KINGSTON AV
519.0,427.0,KINGSTON AV
519.0,427.0,ST JOHNS PL
519.0,492.0,BROADWAY
519.0,496.0,GRAHAM AV
519.0,611.0,21 ST
519.0,721.0,MADISON AV
519.0,727.0,E 125 St
519.0,763.0,FREDERICK DOUGLASS BLVD
519.0,787.0,AMSTERDAM AV
519.0,798.0,BROADWAY
519.0,807.0,FT WASHINGTON AV
520.0,259.0,NOSTRAND AV
520.0,264.0,NOSTRAND AV
520.0,264.0,Nostrand Av
520.0,269.0,AV U
520.0,426.0,ST JOHNS PL
520.0,440.0,KINGSTON AV
520.0,446.0,FULTON ST
520.0,459.0,THROOP AV
520.0,462.0,GATES AV
520.0,489.0,Marcus Garvey Blvd
520.0,491.0,Marcus Garvey Blvd
520.0,613.0,21 ST
520.0,632.0,VERNON BLVD
520.0,685.0,1 AV
520.0,743.0,MALCOLM X BLVD
520.0,753.0,ADAM CLAYTON POWELL BLVD
520.0,763.0,W 145 ST
520.0,764.0,FREDERICK DOUGLASS BLVD
521.0,232.0,EMMONS AV
521.0,255.0,NOSTRAND AV
521.0,256.0,NOSTRAND AV
521.0,259.0,NOSTRAND AV
521.0,452.0,THROOP AV
521.0,482.0,MYRTLE AV
521.0,535.0,KINGSLAND AV
521.0,538.0,KINGSLAND AV
521.0,614.0,21 ST
521.0,757.0,ADAM CLAYTON POWELL BLVD
521.0,781.0,W 155 ST
521.0,811.0,FT WASHINGTON AV
521.0,812.0,FT WASHINGTON AV
522.0,219.0,ORIENTAL BLVD
522.0,517.0,GRAND ST
522.0,526.0,KINGSLAND AV
522.0,531.0,KINGSLAND AV
522.0,637.0,VERNON BLVD
522.0,688.0,E 105 ST
522.0,690.0,E 106 ST
522.0,709.0,E 116 St
522.0,725.0,E 125 St
522.0,726.0,MADISON AV
522.0,744.0,W 135 ST
522.0,747.0,MALCOLM X BLVD
522.0,768.0,Frederick Douglass Blvd
522.0,782.0,EDGECOMBE AV
522.0,791.0,AMSTERDAM AV
522.0,792.0,AMSTERDAM AV
522.0,803.0,BROADWAY
522.0,815.0,FT WASHINGTON AV
523.0,219.0,ORIENTAL BLVD
523.0,220.0,ORIENTAL BLVD
523.0,394.0,ALBANY AV
523.0,396.0,ALBANY AV
523.0,401.0,ALBANY AV
523.0,402.0,ALBANY AV
523.0,426.0,ST JOHNS PL
523.0,493.0,FLUSHING AV
523.0,691.0,1 AV
523.0,708.0,E 116 ST
523.0,729.0,MADISON AV
523.0,761.0,ADAM CLAYTON POWELL BLVD
523.0,761.0,W 145 ST
523.0,770.0,FREDERICK DOUGLASS BLVD
523.0,785.0,EDGECOMBE AV
523.0,805.0,BROADWAY
523.0,817.0,FT WASHINGTON AV
524.0,426.0,ST JOHNS PL
524.0,549.0,NASSAU AV
524.0,704.0,2 AV
524.0,718.0,LEXINGTON AV
524.0,737.0,5 AV
524.0,750.0,MALCOLM X BLVD
524.0,771.0,Frederick Douglass Blvd
524.0,808.0,BROADWAY
524.0,810.0,BROADWAY
525.0,233.0,EMMONS AV
525.0,407.0,East New York Av
525.0,456.0,Marcus Garvey Blvd
525.0,599.0,JACKSON AV
525.0,601.0,QUEENS PLZ SOUTH
525.0,687.0,E 105 ST
525.0,704.0,2 Av
525.0,826.0,FT WASHINGTON AV
526.0,407.0,East New York Av
526.0,450.0,Marcus Garvey Blvd
526.0,453.0,HALSEY ST
526.0,454.0,Marcus Garvey Blvd
526.0,483.0,MYRTLE AV
526.0,707.0,E 116 ST
526.0,741.0,5 AV
526.0,764.0,ADAM CLAYTON POWELL BLVD
526.0,765.0,ADAM CLAYTON POWELL BLVD
526.0,775.0,FREDERICK DOUGLASS BLVD
526.0,776.0,FREDERICK DOUGLASS BLVD
526.0,791.0,EDGECOMBE AV
526.0,827.0,FT WASHINGTON AV
526.0,829.0,FT WASHINGTON AV
527.0,270.0,AV U
527.0,446.0,Marcus Garvey Blvd
527.0,475.0,DEKALB AV
527.0,569.0,VAN DAM ST
527.0,635.0,11 ST
527.0,698.0,1 AV
527.0,736.0,MADISON AV
527.0,741.0,E 135 ST
527.0,777.0,FREDERICK DOUGLASS BLVD
527.0,794.0,EDGECOMBE AV
527.0,832.0,FT WASHINGTON AV
527.0,835.0,FT WASHINGTON AV
528.0,426.0,ST JOHNS PL
528.0,624.0,21 ST
528.0,722.0,E 125 ST
528.0,722.0,E 125 St
528.0,741.0,E 135 ST
528.0,758.0,MALCOLM X BLVD
528.0,759.0,W 145 ST
528.0,767.0,ADAM CLAYTON POWELL BLVD
529.0,270.0,AV U
529.0,436.0,BERGEN ST
529.0,464.0,GATES AV
529.0,472.0,LAFAYETTE AV
529.0,484.0,MYRTLE AV
529.0,740.0,E 135 ST
529.0,745.0,5 AV
529.0,746.0,5 AV
529.0,760.0,MALCOLM X BLVD
529.0,760.0,W 146 ST
529.0,770.0,ADAM CLAYTON POWELL BLVD
529.0,781.0,FREDERICK DOUGLASS BLVD
529.0,824.0,BROADWAY
529.0,840.0,FT WASHINGTON AV
530.0,272.0,AV U
530.0,340.0,AV H
530.0,445.0,FULTON ST
530.0,454.0,HALSEY ST
530.0,464.0,GATES AV
530.0,590.0,THOMPSON AV
530.0,626.0,21 ST BETWEEN 36 AV & 35 AV
530.0,627.0,21 ST
530.0,640.0,BROADWAY
530.0,721.0,E 125 ST
530.0,806.0,AMSTERDAM AV
530.0,807.0,AMSTERDAM AV
530.0,824.0,BROADWAY
530.0,840.0,FT WASHINGTON AV
531.0,233.0,EMMONS AV
531.0,445.0,TROY AV
531.0,658.0,27 Av
531.0,704.0,E 116 ST
531.0,705.0,1 AV
531.0,830.0,BROADWAY
532.0,274.0,AV U
532.0,445.0,FULTON ST
532.0,630.0,21 ST
532.0,720.0,E 125 ST
532.0,809.0,Amsterdam av
532.0,844.0,FT WASHINGTON AV
533.0,269.0,GERRITSEN AV
533.0,341.0,AV H
533.0,383.0,CHURCH AV
533.0,425.0,ST JOHNS PL
533.0,582.0,48 AV
533.0,587.0,VAN DAM ST
533.0,631.0,21 ST
533.0,719.0,2 AV
533.0,822.0,ST NICHOLAS AV
533.0,833.0,BROADWAY
533.0,834.0,BROADWAY
533.0,835.0,BROADWAY
534.0,268.0,GERRITSEN AV
534.0,436.0,BERGEN ST
534.0,586.0,W. 23ST @ 6TH AVE
534.0,625.0,35 AV
534.0,656.0,27 AV
534.0,837.0,BROADWAY
534.0,838.0,Broadway
535.0,233.0,EMMONS AV
535.0,455.0,HALSEY ST
535.0,464.0,GATES AV
535.0,572.0,Greenpoint Av
535.0,634.0,21 ST
535.0,653.0,8 ST
535.0,814.0,Amsterdam Av
535.0,815.0,AMSTERDAM AV
536.0,361.0,AV D
536.0,409.0,EMPIRE BLVD
536.0,410.0,EMPIRE BLVD
536.0,410.0,UTICA AV
536.0,591.0,QUEENS BLVD
536.0,606.0,NORTHERN BLVD
536.0,623.0,35 AV
536.0,655.0,8 St
537.0,235.0,KNAPP ST
537.0,265.0,GERRITSEN AV
537.0,362.0,AV D
537.0,397.0,Utica Av
537.0,404.0,UTICA AV
537.0,410.0,UTICA AV
537.0,421.0,EASTERN PKWY
537.0,425.0,ST JOHNS PL
537.0,581.0,48 AV
537.0,636.0,21 ST
537.0,843.0,BROADWAY
537.0,845.0,BROADWAY
538.0,383.0,CHURCH AV
538.0,392.0,UTICA AV
538.0,425.0,ST JOHNS PL
538.0,465.0,GATES AV
538.0,473.0,MALCOLM X BLVD
538.0,634.0,BROADWAY
538.0,820.0,AMSTERDAM AV
539.0,279.0,AV U
539.0,384.0,UTICA AV
539.0,435.0,BERGEN ST
539.0,466.0,MALCOLM X BLVD
539.0,473.0,LAFAYETTE ST
539.0,590.0,QUEENS BLVD
539.0,634.0,BROADWAY
539.0,640.0,21 ST
539.0,835.0,ST NICHOLAS AV
539.0,853.0,BROADWAY
540.0,304.0,Flatbush Av
540.0,362.0,AV D
540.0,376.0,UTICA AV
540.0,445.0,FULTON ST
540.0,455.0,HALSEY ST
540.0,465.0,GATES AV
540.0,574.0,GREENPOINT AV
540.0,589.0,QUEENS BLVD
540.0,648.0,30 AV
540.0,786.0,OGDEN AV
541.0,261.0,GERRITSEN AV
541.0,444.0,UTICA AV
541.0,445.0,MALCOLM X BLVD
541.0,445.0,Malcolm X blvd
541.0,455.0,HALSEY ST
541.0,456.0,Malcolm X Blvd
541.0,620.0,35 AV
541.0,643.0,21 ST
541.0,681.0,Hell Gate Circle
541.0,789.0,OGDEN AV
541.0,838.0,ST NICHOLAS AV
542.0,301.0,FLATBUSH AV
542.0,341.0,AV H
542.0,341.0,UTICA AV
542.0,344.0,UTICA AV
542.0,580.0,48 AV
542.0,619.0,35 AV
542.0,632.0,BROADWAY
542.0,857.0,BROADWAY
543.0,326.0,FLATLANDS AV
543.0,332.0,UTICA AV
543.0,337.0,UTICA AV
543.0,412.0,East New York Av
543.0,435.0,BERGEN ST
543.0,474.0,PATCHEN AV
543.0,475.0,KOSSUTH PL
543.0,646.0,21 ST
543.0,792.0,OGDEN AV
543.0,829.0,AMSTERDAM AV
543.0,840.0,FT GEORGE AV
544.0,257.0,GERRITSEN AV
544.0,310.0,UTICA AV
544.0,325.0,UTICA AV
544.0,577.0,GREENPOINT AV
544.0,589.0,QUEENS BLVD
544.0,630.0,BROADWAY
544.0,646.0,21 ST
544.0,648.0,21 ST
544.0,737.0,LINCOLN AV
545.0,297.0,FLATBUSH AV
545.0,298.0,UTICA AV
545.0,466.0,GATES AV
545.0,493.0,WILSON AV
545.0,522.0,METROPOLITAN AV
545.0,588.0,QUEENS BLVD
545.0,649.0,21 ST
545.0,798.0,OGDEN AV
545.0,859.0,BROADWAY
546.0,300.0,UTICA AV
546.0,486.0,DEKALB AV
546.0,521.0,METROPOLITAN AV
546.0,651.0,21 ST
546.0,741.0,MORRIS AV
547.0,253.0,GERRITSEN AV
547.0,431.0,BUFFALO AV
547.0,617.0,35 AV
547.0,644.0,30 AV
547.0,691.0,Hell Gate Circle
547.0,741.0,MORRIS AV
548.0,424.0,ST JOHNS PL
548.0,431.0,BUFFALO AV
548.0,432.0,ST MARKS AV
548.0,579.0,48TH AV BETWEEN 40 ST & 41 ST
548.0,628.0,BROADWAY
548.0,735.0,E 138 ST
549.0,294.0,FLATBUSH AV
549.0,372.0,BEVERLY RD
549.0,444.0,FULTON ST
549.0,466.0,RALPH AV
549.0,467.0,GATES AV
549.0,577.0,48TH AV BETWEEN 41 ST & 40 ST
549.0,747.0,MORRIS AV
549.0,765.0,Grand Concourse
550.0,250.0,GERRITSEN AV
550.0,393.0,REMSEN AV
550.0,457.0,HALSEY ST
550.0,463.0,RALPH AV
550.0,466.0,RALPH AV
550.0,489.0,WILSON AV
550.0,490.0,DEKALB AV
550.0,588.0,QUEENS BLVD
550.0,696.0,MAIN ROADWAY
550.0,769.0,Grand Concourse
550.0,811.0,OGDEN AV
550.0,862.0,BROADWAY
551.0,417.0,East New York Av
551.0,424.0,ST JOHNS PL
551.0,457.0,RALPH AV
551.0,587.0,QUEENS BLVD
551.0,659.0,21 ST
551.0,733.0,WILLIS AV
551.0,734.0,E 138 ST
551.0,734.0,WILLIS AV
551.0,752.0,E 149 ST
551.0,772.0,Grand Concourse
552.0,372.0,BEVERLY RD
552.0,417.0,RALPH AV
552.0,421.0,RALPH AV
552.0,427.0,RALPH AV
552.0,448.0,RALPH AV
552.0,493.0,DEKALB AV
552.0,614.0,35 AV
552.0,733.0,E 138 ST
552.0,772.0,Grand Concourse
552.0,811.0,EDWARD GRANT HWY
553.0,247.0,GERRITSEN AV
553.0,434.0,RALPH AV
553.0,443.0,FULTON ST
553.0,487.0,WILSON AV
553.0,579.0,48 AV
553.0,613.0,35 AV
553.0,640.0,30 AV
553.0,744.0,3 AV
553.0,777.0,Grand Concourse
553.0,802.0,W 170 ST
553.0,814.0,UNIVERSITY AV
553.0,863.0,BROADWAY
554.0,288.0,FLATBUSH AV
554.0,289.0,FLATBUSH AV
554.0,385.0,CHURCH AV
554.0,444.0,RALPH AV
554.0,528.0,GRAND AV
554.0,639.0,30 AV
554.0,639.0,31 ST @ 30 AVENUE
554.0,661.0,21 ST
554.0,758.0,MORRIS AV
554.0,777.0,Grand Concourse
554.0,793.0,E 167 ST
554.0,824.0,UNDERCLIFF AV
555.0,288.0,FLATBUSH AV
555.0,385.0,RALPH AV
555.0,772.0,E 161ST ST
555.0,782.0,Grand Concourse
555.0,792.0,E 167 ST
555.0,818.0,UNIVERSITY AV
556.0,369.0,RALPH AV
556.0,385.0,REMSEN AV
556.0,386.0,REMSEN AV
556.0,549.0,E 161ST ST
556.0,586.0,QUEENS BLVD
556.0,587.0,QUEENS BLVD
556.0,623.0,BROADWAY
556.0,741.0,WILLIS AV
556.0,742.0,WILLIS AV
556.0,783.0,Grand Concourse
556.0,817.0,UNIVERSITY AV
556.0,864.0,BROADWAY
557.0,241.0,GERRITSEN AV
557.0,351.0,RALPH AV
557.0,386.0,CHURCH AV
557.0,499.0,DEKALB AV
557.0,622.0,BROADWAY
557.0,637.0,30 AV
557.0,765.0,Concourse Village East
558.0,559.0,48 ST
558.0,563.0,48 ST
558.0,621.0,BROADWAY
558.0,622.0,STEINWAY ST
558.0,637.0,30 AV
558.0,666.0,21 ST
558.0,766.0,Concourse Village East
558.0,769.0,Concourse Village East
558.0,787.0,Grand Concourse
558.0,830.0,SEDGWICK AV
559.0,326.0,RALPH AV
559.0,340.0,FLATLANDS AV
559.0,341.0,RALPH AV
559.0,382.0,REMSEN AV
559.0,530.0,Grand Av
559.0,586.0,QUEENS BLVD
559.0,610.0,NORTHERN BLVD
559.0,667.0,21 ST
559.0,748.0,3RD AVE
559.0,769.0,E 161 ST
559.0,770.0,MORRIS AV
559.0,789.0,Grand Concourse
559.0,855.0,W 207 ST
559.0,856.0,W 207 ST
560.0,323.0,RALPH AV
560.0,340.0,FLATLANDS AV
560.0,459.0,SARATOGA AV
560.0,482.0,WILSON AV
560.0,554.0,55 AV
560.0,577.0,48 ST
560.0,587.0,47 ST
560.0,636.0,30 AV
560.0,649.0,HOYT AV NORTH
560.0,866.0,BROADWAY
560.0,885.0,KAPPOCK ST
561.0,312.0,RALPH AV
561.0,390.0,CHURCH AV
561.0,420.0,SARATOGA AV
561.0,421.0,PITKIN AV
561.0,422.0,SARATOGA AV
561.0,424.0,Saratoga Av
561.0,427.0,SARATOGA AV @ PARK PLACE
561.0,587.0,48 ST
561.0,620.0,BROADWAY
561.0,626.0,STEINWAY ST
561.0,646.0,HOYT AV
561.0,649.0,HOYT AV NORTH
561.0,669.0,21 ST
561.0,728.0,E 138 ST
561.0,822.0,UNIVERSITY AV
561.0,889.0,KAPPOCK ST
562.0,343.0,FLATLANDS AV
562.0,379.0,REMSEN AV
562.0,423.0,East New York Av
562.0,480.0,GATES AV
562.0,585.0,QUEENS BLVD
562.0,587.0,QUEENS BLVD
562.0,669.0,DITMARS BLVD
562.0,731.0,ST ANN'S AV
562.0,750.0,3 AV
562.0,778.0,MORRIS AV
562.0,821.0,MACOMBS ROAD
562.0,828.0,W TREMONT AV
563.0,480.0,WILSON AV
563.0,587.0,ROOSEVELT AV
563.0,594.0,48 ST
563.0,749.0,BERGEN AV
563.0,778.0,MORRIS AV
563.0,826.0,W TREMONT AV
563.0,868.0,BROADWAY
564.0,344.0,FLATLANDS AV
564.0,405.0,SARATOGA AV
564.0,483.0,GATES AV
564.0,507.0,SENECA AV
564.0,532.0,GRAND AV
564.0,632.0,STEINWAY ST
564.0,633.0,30 AV
564.0,825.0,UNIVERSITY AV
564.0,901.0,Henry Hudson Pkwy West
565.0,422.0,PITKIN AV
565.0,425.0,East New York Av
565.0,633.0,30 AV
565.0,633.0,STEINWAY ST
565.0,673.0,21 St
565.0,871.0,BROADWAY
566.0,302.0,AV U
566.0,394.0,CHURCH AV
566.0,395.0,E 98 ST
566.0,588.0,ROOSEVELT AV
566.0,609.0,NORTHERN BLVD
566.0,636.0,STEINWAY ST
566.0,725.0,E 138 ST
566.0,740.0,ST ANNS AV
566.0,754.0,3 AV
566.0,755.0,3 AV
566.0,766.0,MELROSE AV
566.0,767.0,E 161 ST
566.0,833.0,W BURNSIDE AV
566.0,871.0,BROADWAY
567.0,347.0,FLATLANDS AV
567.0,394.0,E 98 ST
567.0,435.0,Thomas Boyland St
567.0,637.0,STEINWAY ST
567.0,745.0,E 149 ST
567.0,757.0,3 AV
567.0,768.0,MELROSE AV
568.0,271.0,FLATBUSH AV
568.0,423.0,PITKIN AV
568.0,717.0,E 134 ST
568.0,724.0,E 138 ST
568.0,744.0,E 149 ST
568.0,791.0,MORRIS AV
568.0,833.0,W BURNSIDE AV
568.0,874.0,BROADWAY
569.0,349.0,FLATLANDS AV
569.0,392.0,E 98 ST
569.0,393.0,E 98 ST
569.0,520.0,METROPOLITAN AV
569.0,584.0,QUEENS BLVD
569.0,630.0,30 AV
569.0,792.0,MORRIS AV
569.0,804.0,Grand Concourse
569.0,832.0,UNIVERSITY AV
570.0,428.0,East New York Av
570.0,451.0,ROCKAWAY AV
570.0,491.0,GATES AV
570.0,641.0,STEINWAY ST
570.0,810.0,Grand Concourse
571.0,306.0,AV U
571.0,423.0,PITKIN AV
571.0,428.0,ROCKAWAY AV @ EAST NEW YORK AVENUE
571.0,437.0,ROCKAWAY AV
571.0,454.0,COOPER ST
571.0,489.0,PALMETTO ST
571.0,642.0,STEINWAY ST
571.0,714.0,E 134 ST
571.0,766.0,ELTON AV
571.0,797.0,E 170 ST
571.0,798.0,MORRIS AV
571.0,814.0,Grand Concourse
571.0,834.0,UNIVERSITY AV
571.0,850.0,W FORDHAM RD
572.0,422.0,ROCKAWAY AV
572.0,423.0,PITKIN AV
572.0,424.0,ROCKAWAY AV
572.0,645.0,ASTORIA BLVD
572.0,659.0,DITMARS BLVD
572.0,743.0,E 149 ST
572.0,780.0,WEBSTER AV BETWEEN E 169 ST & E 167 ST
573.0,417.0,ROCKAWAY AV
573.0,608.0,NORTHERN BLVD
573.0,743.0,E 149 ST
573.0,796.0,E 170 ST
573.0,838.0,UNIVERSITY AV
573.0,890.0,W 230 ST
574.0,410.0,ROCKAWAY AV
574.0,472.0,WILSON AV
574.0,626.0,30 AV
574.0,852.0,W FORDHAM RD
574.0,855.0,SEDGWICK AV
574.0,878.0,W 225 ST
574.0,879.0,BROADWAY
574.0,879.0,W 225 ST
574.0,893.0,RIVERDALE AV
575.0,312.0,E 70 ST
575.0,407.0,ROCKAWAY AV
575.0,591.0,ROOSEVELT AV
575.0,658.0,DITMARS BLVD
575.0,742.0,E 149 ST
575.0,766.0,E 163 ST
575.0,767.0,E 163 ST
575.0,795.0,E 170 ST
575.0,817.0,Grand Concourse
575.0,853.0,W FORDHAM RD
575.0,893.0,W 231 ST
576.0,424.0,PITKIN AV
576.0,474.0,HALSEY ST
576.0,490.0,MYRTLE AV
576.0,536.0,GRAND AV
576.0,617.0,51 ST
576.0,648.0,STEINWAY ST
576.0,742.0,E 149 ST
576.0,767.0,3 AV
576.0,789.0,WEBSTER AV
576.0,795.0,E 170 ST
576.0,852.0,W FORDHAM RD
576.0,853.0,W FORDHAM RD
577.0,312.0,AV U
577.0,424.0,PITKIN AV
577.0,655.0,DITMARS BLVD
577.0,770.0,BOSTON RD
577.0,909.0,RIVERDALE AV
577.0,922.0,Henry Hudson Pkwy East
578.0,337.0,E 80 ST
578.0,393.0,HEGEMAN AV
578.0,393.0,ROCKAWAY AV
578.0,583.0,QUEENS BLVD
578.0,609.0,NORTHERN BLVD
578.0,741.0,E 149 ST
578.0,794.0,WEBSTER AV
578.0,832.0,E BURNSIDE AV
578.0,884.0,W 230 ST
578.0,905.0,RIVERDALE AV
578.0,906.0,RIVERDALE AV
579.0,593.0,58 ST
579.0,610.0,54 ST
579.0,652.0,STEINWAY ST
579.0,653.0,DITMARS BLVD
579.0,742.0,E 149 ST
579.0,822.0,Grand Concourse
579.0,823.0,GRAND CONCOURSE @ E TREMONT AVE
579.0,883.0,BROADWAY
580.0,357.0,REMSEN AV
580.0,358.0,REMSEN AV
580.0,382.0,ROCKAWAY AV
580.0,416.0,Mother Gaston Blvd
580.0,518.0,FOREST AV
580.0,538.0,GRAND AV
580.0,652.0,DITMARS BLVD
580.0,939.0,RIVERDALE AV
581.0,376.0,ROCKAWAY AV
581.0,412.0,DUMONT AV
581.0,491.0,MYRTLE AV
581.0,773.0,BOSTON RD
581.0,786.0,3 AV
581.0,823.0,Grand Concourse
581.0,853.0,W FORDHAM RD
581.0,889.0,W 231 ST
581.0,944.0,RIVERDALE AV
582.0,476.0,IRVING AV
582.0,582.0,QUEENS BLVD
582.0,584.0,QUEENS BLVD
582.0,609.0,NORTHERN BLVD
582.0,741.0,E 149 ST
582.0,774.0,BOSTON RD
582.0,827.0,Grand Concourse
582.0,853.0,UNIVERSITY AV
583.0,511.0,FOREST AV
583.0,537.0,Flushing Av
583.0,539.0,GRAND AV
583.0,741.0,PROSPECT AV
583.0,852.0,W FORDHAM RD
583.0,869.0,W KINGSBRIDGE RD
583.0,950.0,RIVERDALE AV
584.0,394.0,HEGEMAN AV @ MOTHER GASTON BLVD
584.0,441.0,FULTON ST
584.0,442.0,FULTON ST
584.0,442.0,Van Sinderen Av
584.0,443.0,Van Sinderen Av
584.0,649.0,DITMARS BLVD
584.0,658.0,STEINWAY ST
584.0,746.0,PROSPECT AV
584.0,764.0,E 163 ST
584.0,781.0,FRANKLIN AV
584.0,829.0,Grand Concourse
584.0,830.0,Grand Concourse
584.0,867.0,W KINGSBRIDGE RD
584.0,958.0,RIVERDALE AV
585.0,368.0,GLENWOOD RD
585.0,413.0,DUMONT AV
585.0,413.0,POWELL ST
585.0,491.0,MYRTLE AV
585.0,583.0,QUEENS BLVD
585.0,800.0,Claremont Pkwy
585.0,859.0,UNIVERSITY AV
585.0,866.0,W KINGSBRIDGE RD
585.0,887.0,W 231 ST
585.0,894.0,BROADWAY
585.0,964.0,RIVERDALE AV
586.0,249.0,FLATBUSH AV
586.0,413.0,DUMONT AV
586.0,541.0,GRAND AV
586.0,582.0,QUEENS BLVD
586.0,752.0,PROSPECT AV
586.0,799.0,Claremont Pkwy
586.0,832.0,Grand Concourse
586.0,834.0,Grand Concourse
586.0,862.0,UNIVERSITY AV
587.0,248.0,FLATBUSH AV
587.0,502.0,PUTNAM AV
587.0,541.0,Flushing Av
587.0,541.0,GRAND AV
587.0,660.0,STEINWAY ST
587.0,853.0,W FORDHAM RD
587.0,865.0,W KINGSBRIDGE RD
587.0,875.0,SEDGWICK AV
588.0,492.0,MYRTLE AV
588.0,523.0,FRESH POND RD
588.0,660.0,20 AV
588.0,758.0,PROSPECT AV
588.0,798.0,Claremont Pkwy
588.0,820.0,WEBSTER AV
588.0,837.0,Grand Concourse
589.0,518.0,FRESH POND RD
589.0,592.0,ROOSEVELT AV
589.0,593.0,ROOSEVELT AV
589.0,762.0,E 163 ST
589.0,763.0,PROSPECT AV
589.0,821.0,WEBSTER AV
589.0,838.0,Grand Concourse
589.0,852.0,E FORDHAM RD
590.0,439.0,Alabama Av
590.0,440.0,JAMAICA AV
590.0,491.0,FOREST AV
590.0,543.0,GRAND AV
590.0,560.0,65 PL
590.0,643.0,DITMARS BLVD
590.0,766.0,PROSPECT AV
591.0,399.0,NEW LOTS AV
591.0,400.0,NEW LOTS AV
591.0,439.0,JAMAICA AV
591.0,514.0,FRESH POND RD
592.0,362.0,ROCKAWAY PKWY
592.0,421.0,SUTTER AV
592.0,511.0,FRESH POND RD
592.0,544.0,GRAND AV
592.0,593.0,ROOSEVELT AV
592.0,844.0,Grand Concourse
592.0,893.0,FT INDEPENDENCE BETWEEN HEATH AV & BAILEY PL
593.0,422.0,SUTTER AV
593.0,489.0,FOREST AV
593.0,746.0,SOUTHERN BLVD
593.0,774.0,PROSPECT AV
593.0,848.0,Grand Concourse
593.0,899.0,BAILEY AV
593.0,900.0,W 238 ST
594.0,387.0,E 108 ST
594.0,546.0,GRAND AV
594.0,642.0,DITMARS BLVD
594.0,778.0,PROSPECT AV
594.0,794.0,CROTONA AV
594.0,794.0,Claremont Pkwy
594.0,829.0,E 180 ST
594.0,852.0,E FORDHAM RD
594.0,852.0,FORDHAM BLVD BETWEEN 190 ST & GRAND CONCOUR
594.0,863.0,W KINGSBRIDGE RD
594.0,872.0,GOULDEN AV
594.0,888.0,SEDGWICK AV
594.0,900.0,BAILEY AV
595.0,442.0,JAMAICA AV
595.0,491.0,SUMMERFIELD ST
595.0,505.0,FRESH POND RD
595.0,594.0,ROOSEVELT AV
595.0,612.0,NORTHERN BLVD
595.0,653.0,20 AV
595.0,957.0,BROADWAY
596.0,437.0,Atlantic Av
596.0,593.0,69 ST
596.0,787.0,BOSTON RD
596.0,788.0,PROSPECT AV
596.0,835.0,WEBSTER AV
596.0,851.0,E FORDHAM RD
596.0,852.0,E FORDHAM RD
596.0,894.0,SEDGWICK AV
596.0,945.0,BROADWAY
596.0,951.0,BROADWAY
597.0,372.0,FLATLANDS AV
597.0,384.0,E 108 ST
597.0,423.0,SUTTER AV
597.0,425.0,Pennsylvania Av
597.0,427.0,Pennsylvania Av
597.0,492.0,DECATUR ST
597.0,499.0,FRESH POND RD
597.0,500.0,FRESH POND RD
597.0,548.0,GRAND AV
597.0,750.0,SOUTHERN BLVD
597.0,816.0,E TREMONT AV
597.0,852.0,VALENTINE AV
598.0,422.0,Pennsylvania Av
598.0,549.0,69 ST
598.0,839.0,Webster Av
598.0,851.0,E FORDHAM RD
599.0,381.0,E 108 ST
599.0,415.0,Pennsylvania Av
599.0,422.0,Sutter Av
599.0,493.0,FRESH POND RD
599.0,620.0,73 ST
599.0,791.0,Claremont Pkwy
599.0,854.0,E KINGSBRIDGE RD
599.0,859.0,Grand Concourse
599.0,880.0,GOULDEN AV
599.0,903.0,BAILEY AV
600.0,411.0,Pennsylvania Av
600.0,612.0,73 ST
600.0,754.0,SOUTHERN BLVD
600.0,808.0,CROTONA AV
600.0,853.0,E KINGSBRIDGE @ BRIGGS AVENUE
600.0,855.0,E KINGSBRIDGE RD
600.0,882.0,GOULDEN AV
601.0,351.0,ROCKAWAY PKWY
601.0,406.0,Pennsylvania Av
601.0,613.0,NORTHERN BLVD
601.0,759.0,E 163 ST
601.0,760.0,E 163 ST
601.0,791.0,BOSTON RD
601.0,897.0,SEDGWICK AV
602.0,405.0,Pennsylvania Av
602.0,406.0,NEW LOTS AV
602.0,492.0,MYRTLE AV
602.0,899.0,Van Cortlandt Av West
603.0,621.0,31 AV
603.0,643.0,DITMARS BLVD
603.0,759.0,SOUTHERN BLVD
603.0,767.0,SOUTHERN BLVD
603.0,815.0,E TREMONT AV
603.0,896.0,SEDGWICK AV
604.0,424.0,SUTTER AV
604.0,599.0,74 ST
604.0,759.0,HUNTS POINT AV
604.0,759.0,SOUTHERN BLVD
604.0,769.0,WEST FARMS RD
604.0,879.0,PAUL AV
605.0,347.0,ROCKAWAY PKWY
605.0,407.0,NEW LOTS AV
605.0,408.0,NEW LOTS AV
605.0,493.0,MYRTLE AV
605.0,621.0,31 AV
605.0,625.0,77 ST
605.0,640.0,78 ST
605.0,759.0,HUNTS POINT AV
605.0,833.0,3RD AV BETWEEN E 183 ST & E 182 ST
605.0,847.0,3 AV
605.0,870.0,Grand Concourse
606.0,593.0,BROADWAY
606.0,793.0,BOSTON RD
606.0,848.0,3 AV
606.0,849.0,E FORDHAM RD
606.0,851.0,WEBSTER AV
607.0,789.0,E 172 St
607.0,848.0,E FORDHAM RD
607.0,883.0,PAUL AV
607.0,884.0,PAUL AV
607.0,884.0,W 205 ST
608.0,344.0,SEAVIEW AV
608.0,409.0,NEW LOTS AV
608.0,578.0,QUEENS BLVD
608.0,595.0,ROOSEVELT AV
608.0,613.0,NORTHERN BLVD
608.0,755.0,HUNTS POINT AV
608.0,897.0,SEDGWICK AV
609.0,410.0,NEW LOTS AV
609.0,425.0,SUTTER AV
609.0,488.0,COOPER AV
609.0,630.0,25 AV
609.0,819.0,E 180 ST
609.0,897.0,SEDGWICK AV
610.0,641.0,DITMARS BLVD
610.0,749.0,HUNTS POINT AV
610.0,751.0,HUNTS POINT AV
610.0,795.0,BOSTON RD
610.0,796.0,BOSTON RD
610.0,873.0,Grand Concourse
611.0,596.0,ROOSEVELT AV
611.0,636.0,82 ST
611.0,636.0,ASTORIA BLVD
611.0,874.0,Grand Concourse
612.0,338.0,ROCKAWAY PKWY
612.0,453.0,JAMAICA AV
612.0,634.0,82 ST
612.0,636.0,82 ST
612.0,748.0,HUNTS POINT AV
612.0,878.0,Grand Concourse
613.0,746.0,HUNTS POINT AV
613.0,878.0,Grand Concourse
614.0,539.0,ELIOT AV
614.0,540.0,ELIOT AV
614.0,615.0,82 ST
614.0,884.0,Grand Concourse
614.0,889.0,W Mosholu Pkwy South
614.0,890.0,E Mosholu Pkwy South
615.0,609.0,82 ST
615.0,613.0,82 ST
615.0,828.0,CROTONA AV
615.0,868.0,Bedford Park Blvd
616.0,380.0,Pennsylvania Av
616.0,399.0,VAN SICLEN AV
616.0,605.0,82 ST
616.0,815.0,E 180 ST
616.0,816.0,SOUTHERN BLVD
617.0,380.0,Pennsylvania Av
617.0,518.0,Metropolitan Av
617.0,793.0,E 174 ST
617.0,832.0,CROTONA AV
617.0,862.0,WEBSTER AV
617.0,863.0,Bedford Park Blvd
618.0,397.0,VAN SICLEN AV
618.0,397.0,WORTMAN AV
618.0,415.0,NEW LOTS AV BETWEEN ASHFORD ST & WARWICK S
618.0,596.0,ROOSEVELT AV
618.0,819.0,SOUTHERN BLVD
618.0,862.0,Bedford Park Blvd
619.0,195.0,BEACH 169 ST
619.0,394.0,VAN SICLEN AV
619.0,415.0,NEW LOTS AV
619.0,457.0,JAMAICA AV
619.0,574.0,QUEENS BLVD
619.0,826.0,SOUTHERN BLVD
619.0,873.0,BAINBRIDGE AV
620.0,384.0,VANDALIA AV
620.0,394.0,COZINE AV
620.0,568.0,GRAND AV
620.0,640.0,23 AV
620.0,827.0,SOUTHERN BLVD
620.0,831.0,SOUTHERN BLVD
620.0,860.0,KAZIMIROFF BLVD
621.0,375.0,Pennsylvania Av
621.0,386.0,VANDALIA AV
621.0,398.0,WORTMAN AV
621.0,417.0,NEW LOTS AV
621.0,427.0,SUTTER AV
621.0,831.0,SOUTHERN BLVD
622.0,495.0,MYRTLE AV BETWEEN 69 ST & 70 ST
622.0,570.0,GRAND AV
622.0,837.0,Southern Blvd
622.0,838.0,SOUTHERN BLVD
623.0,570.0,GRAND AV
623.0,840.0,E FORDHAM RD
623.0,848.0,SOUTHERN BLVD
623.0,896.0,E GUN HILL RD
624.0,372.0,Pennsylvania Av
624.0,760.0,STORY AV
624.0,761.0,STORY AV
624.0,803.0,E TREMONT AV
624.0,838.0,E FORDHAM RD
624.0,877.0,BAINBRIDGE AV
624.0,880.0,BAINBRIDGE AV
625.0,547.0,80 ST
625.0,802.0,E TREMONT AV
625.0,876.0,Bainbridge av
625.0,889.0,BAINBRIDGE AV
626.0,364.0,SEAVIEW AV
626.0,369.0,Pennsylvania Av
626.0,616.0,89 ST
626.0,620.0,90 ST
626.0,802.0,E TREMONT AV
626.0,807.0,BOSTON RD
626.0,808.0,E 180 ST
626.0,891.0,BAINBRIDGE AV
626.0,892.0,BAINBRIDGE AV
626.0,894.0,E GUN HILL RD
627.0,615.0,90 ST
627.0,761.0,STORY AV
627.0,905.0,BAINBRIDGE AV
627.0,906.0,BAINBRIDGE AV
628.0,571.0,QUEENS BLVD
628.0,574.0,BROADWAY
628.0,631.0,92 ST
628.0,761.0,STORY AV
628.0,788.0,E 174 ST
628.0,802.0,E TREMONT AV
628.0,871.0,WEBSTER AV
629.0,788.0,E 174 ST
630.0,496.0,MYRTLE AV
630.0,616.0,NORTHERN BLVD
630.0,735.0,FOOD CENTER DR
630.0,761.0,STORY AV
630.0,871.0,WEBSTER AV
631.0,466.0,JAMAICA AV
632.0,496.0,MYRTLE AV
632.0,583.0,CORONA AV
632.0,616.0,NORTHERN BLVD
632.0,631.0,ASTORIA BLVD
632.0,789.0,E 174 ST
632.0,926.0,E 233 ST
633.0,422.0,DUMONT AV
633.0,429.0,SUTTER AV
633.0,466.0,JAMAICA AV
633.0,467.0,JAMAICA AV
633.0,569.0,56 AV
633.0,569.0,QUEENS BLVD
633.0,620.0,94 ST
633.0,778.0,MORRISON AV
634.0,585.0,CORONA AV
634.0,617.0,NORTHERN BLVD
634.0,642.0,23 AV
635.0,553.0,ELIOT AV
635.0,763.0,STORY AV
637.0,450.0,Atlantic Av
637.0,454.0,CRESCENT ST
637.0,520.0,METROPOLITAN AV
637.0,564.0,HOFFMAN DR
637.0,610.0,JUNCTION BLVD
637.0,789.0,E 174 ST
637.0,790.0,E 174 ST
637.0,886.0,WEBSTER AV
637.0,888.0,E GUN HILL RD
638.0,430.0,EUCLID AV
638.0,521.0,80 ST
638.0,564.0,HOFFMAN DR
638.0,630.0,ASTORIA BLVD
639.0,497.0,MYRTLE AV
639.0,553.0,WOODHAVEN BLVD
639.0,563.0,WOODHAVEN BLVD
639.0,564.0,HOFFMAN DR
639.0,564.0,WOODHAVEN BLVD
639.0,566.0,QUEENS BLVD
639.0,605.0,JUNCTION BLVD
639.0,809.0,MORRIS PARK AV
639.0,928.0,E 233 ST
640.0,420.0,EUCLID AV
640.0,512.0,80 ST
640.0,585.0,CORONA AV
640.0,763.0,STORY AV
640.0,790.0,E 174 ST
640.0,858.0,ALLERTON AV
641.0,431.0,SUTTER AV
641.0,497.0,MYRTLE AV
641.0,838.0,BOSTON RD
641.0,859.0,ALLERTON AV
642.0,546.0,WOODHAVEN BLVD
643.0,764.0,STORY AV
643.0,774.0,WATSON AV
643.0,830.0,Bronx Park East
643.0,840.0,PELHAM PKWY
644.0,562.0,QUEENS BLVD
644.0,584.0,CORONA AV
644.0,825.0,Bronx Park East
644.0,840.0,WHITE PLAINS RD
644.0,859.0,ALLERTON AV
645.0,497.0,MYRTLE AV
645.0,541.0,WOODHAVEN BLVD
645.0,585.0,CORONA AV
645.0,627.0,31 AV
645.0,791.0,Cross Bronx Expwy Srv Rd
645.0,813.0,MORRIS PARK AV
645.0,839.0,PELHAM PKWY
645.0,840.0,WHITE PLAINS RD
645.0,841.0,Pelham Pkwy North
645.0,858.0,ALLERTON AV
645.0,932.0,KATONAH AV
646.0,471.0,JAMAICA AV
646.0,619.0,NORTHERN BLVD
646.0,764.0,STORY AV
646.0,765.0,STORY AV
646.0,818.0,WHITE PLAINS RD
646.0,839.0,PELHAM PKWY
646.0,926.0,E 233 ST
647.0,387.0,Seaview Av (Gateway Dr)
647.0,400.0,FOUNTAIN AV
647.0,432.0,SUTTER AV
647.0,443.0,GRANT AV
647.0,453.0,Atlantic Av
647.0,573.0,JUNCTION BLVD
647.0,760.0,SOUNDVIEW AV
647.0,813.0,WHITE PLAINS RD
647.0,815.0,WHITE PLAINS RD
647.0,884.0,E GUN HILL RD
647.0,885.0,E GUN HILL RD
647.0,886.0,WHITE PLAINS RD
648.0,547.0,63 DR
648.0,619.0,NORTHERN BLVD
648.0,750.0,RANDALL AV
648.0,810.0,WHITE PLAINS RD
648.0,811.0,WHITE PLAINS RD
648.0,814.0,MORRIS PARK AV
648.0,859.0,ALLERTON AV
649.0,199.0,ROCKAWAY BEACH BLVD
649.0,535.0,WOODHAVEN BLVD
649.0,560.0,QUEENS BLVD
649.0,568.0,JUNCTION BLVD
649.0,619.0,NORTHERN BLVD
649.0,750.0,RANDALL AV
650.0,394.0,FOUNTAIN AV
650.0,551.0,63 DR
650.0,803.0,WHITE PLAINS RD
651.0,554.0,63 DR
651.0,765.0,STORY AV
651.0,803.0,WHITE PLAINS RD
652.0,422.0,LINDEN BLVD
652.0,619.0,NORTHERN BLVD
652.0,804.0,UNION PORT RD
652.0,815.0,MORRIS PARK AV
652.0,859.0,ALLERTON AV
653.0,420.0,ELDERT LANE
653.0,422.0,ELDERT LANE
653.0,556.0,63 DR
653.0,559.0,JUNCTION BLVD
653.0,574.0,57 AV
653.0,751.0,RANDALL AV
653.0,787.0,WESTCHESTER AV
653.0,787.0,WHITE PLAINS RD
653.0,788.0,WHITE PLAINS RD
653.0,882.0,E GUN HILL RD
654.0,557.0,QUEENS BLVD
654.0,558.0,QUEENS BLVD
654.0,567.0,HORACE HARDING EXPWY
654.0,589.0,CORONA AV
654.0,751.0,RANDALL AV
654.0,766.0,STORY AV
654.0,786.0,WESTCHESTER AV
654.0,801.0,UNION PORT RD
654.0,839.0,Pelham Pkwy South
654.0,858.0,ALLERTON AV
654.0,859.0,ALLERTON AV
654.0,937.0,WEBSTER AV
655.0,589.0,CORONA AV
655.0,619.0,NORTHERN BLVD
655.0,624.0,108 St
655.0,626.0,31 DR
655.0,788.0,HUGH GRANT CIRCLE
655.0,841.0,PELHAM PKWY
655.0,867.0,Bronxwood Av
655.0,871.0,Bronxwood Av
655.0,872.0,Bronxwood Av
656.0,456.0,ATLANTIC AV
656.0,498.0,MYRTLE AV
656.0,558.0,63 DR
656.0,576.0,57 AV
656.0,580.0,99 ST
656.0,619.0,NORTHERN BLVD
656.0,620.0,108 ST
656.0,771.0,Bruckner Blvd
656.0,788.0,METROPOLITAN AV
656.0,799.0,METROPOLITAN AV
656.0,923.0,E 233 ST
657.0,446.0,101 AV
657.0,524.0,WOODHAVEN BLVD
657.0,787.0,WESTCHESTER AV
657.0,797.0,METROPOLITAN OVAL
657.0,816.0,MORRIS PARK AV
657.0,859.0,ALLERTON AV
657.0,859.0,Williamsbridge Rd
657.0,881.0,E GUN HILL RD
658.0,423.0,LINDEN BLVD
658.0,575.0,99 ST
658.0,799.0,METROPOLITAN OVAL
658.0,816.0,MORRIS PARK AV
659.0,561.0,63 RD
659.0,572.0,99 ST
659.0,589.0,CORONA AV
659.0,768.0,WHITE PLAINS RD
659.0,797.0,METROPOLITAN OVAL
660.0,448.0,101 AV
660.0,555.0,QUEENS BLVD
660.0,562.0,63 RD
660.0,570.0,HORACE HARDING EXPWY
660.0,588.0,CORONA AV
660.0,763.0,WHITE PLAINS RD
661.0,553.0,QUEENS BLVD
661.0,743.0,SOUNDVIEW AV
661.0,853.0,Williamsbridge Rd
661.0,859.0,ALLERTON AV
661.0,893.0,Bronxwood Av
661.0,921.0,E 233 ST
662.0,497.0,MYRTLE AV
662.0,572.0,Horace Harding Expwy
662.0,754.0,WHITE PLAINS RD
662.0,819.0,MORRIS PARK AV
662.0,841.0,Pelham Pkwy North
663.0,424.0,LINDEN BLVD
663.0,680.0,110 ST
663.0,840.0,Pelham Pkwy South
663.0,841.0,Pelham Pkwy North
663.0,920.0,E 233 ST
664.0,587.0,CORONA AV
664.0,588.0,CORONA AV
664.0,620.0,NORTHERN BLVD
664.0,763.0,LAFAYETTE AV
664.0,793.0,UNION PORT RD
665.0,450.0,101 AV
665.0,496.0,WOODHAVEN BLVD
665.0,587.0,108 ST
666.0,492.0,WOODHAVEN BLVD
666.0,496.0,MYRTLE AV
666.0,496.0,WOODHAVEN BLVD
666.0,505.0,UNION TURNPIKE
666.0,588.0,108 ST
666.0,932.0,NEREID AV
667.0,475.0,JAMAICA AV
667.0,492.0,WOODHAVEN BLVD
667.0,539.0,YELLOWSTONE BLVD
667.0,564.0,63 RD
667.0,585.0,108 ST
667.0,754.0,PUGSLEY AV
667.0,758.0,PUGSLEY AV
667.0,932.0,NEREID AV
668.0,461.0,ATLANTIC AV
668.0,550.0,QUEENS BLVD
668.0,582.0,108 ST
668.0,858.0,ALLERTON AV
668.0,918.0,E 233 ST
669.0,476.0,JAMAICA AV
669.0,539.0,BURNS ST
669.0,677.0,15 AV
669.0,793.0,STARLING AV
669.0,794.0,STARLING AV
669.0,808.0,E TREMONT AV
669.0,830.0,Williamsbridge Rd
669.0,877.0,BOSTON RD
670.0,482.0,WOODHAVEN BLVD
671.0,452.0,101 AV
671.0,462.0,ATLANTIC AV
671.0,476.0,WOODHAVEN BLVD
671.0,572.0,108 ST
671.0,754.0,RANDALL AV
671.0,788.0,Castle Hill Av
671.0,790.0,Castle Hill Av
671.0,825.0,MORRIS PARK AV
671.0,825.0,Williamsbridge Rd
671.0,875.0,E GUN HILL RD
672.0,562.0,YELLOWSTONE BLVD
672.0,783.0,Castle Hill Av
672.0,824.0,MORRIS PARK AV
672.0,842.0,PELHAM PKWY
672.0,874.0,E GUN HILL RD
673.0,514.0,71 AV
673.0,569.0,108 ST
673.0,570.0,62 DR
673.0,780.0,Castle Hill Av
673.0,781.0,Castle Hill Av
673.0,785.0,Castle Hill Av
674.0,463.0,ATLANTIC AV
674.0,544.0,QUEENS BLVD
674.0,566.0,108 ST
674.0,772.0,Castle Hill Av
674.0,779.0,Castle Hill Av
675.0,412.0,84 ST
675.0,464.0,ATLANTIC AV
675.0,541.0,YELLOWSTONE BLVD
675.0,546.0,QUEENS BLVD
675.0,677.0,15 AV
675.0,771.0,Castle Hill Av
675.0,775.0,Bruckner Blvd
675.0,882.0,BOSTON RD
675.0,900.0,LACONIA AV
675.0,942.0,E 241 ST
676.0,405.0,157 AV
676.0,454.0,101 AV
676.0,560.0,108 ST
676.0,766.0,Castle Hill Av
676.0,817.0,Williamsbridge Rd
676.0,872.0,E GUN HILL RD
676.0,900.0,E 225 ST
676.0,915.0,E 233 ST
677.0,678.0,15 AV
677.0,761.0,Castle Hill Av
677.0,872.0,E GUN HILL RD
677.0,914.0,E 233 ST
678.0,215.0,ROCKAWAY BEACH BLVD
678.0,513.0,METROPOLITAN AV
678.0,756.0,Castle Hill Av
678.0,826.0,MORRIS PARK AV
679.0,455.0,101 AV
679.0,555.0,108 ST
679.0,751.0,Castle Hill Av
679.0,841.0,PELHAM PKWY
679.0,906.0,E 229 ST
679.0,940.0,BAYCHESTER AV
680.0,657.0,COLLEGE PT BLVD
680.0,842.0,Pelham Pkwy North
680.0,885.0,EASTCHESTER RD
680.0,909.0,LACONIA AV
681.0,742.0,ZEREGA AV
681.0,809.0,E Tremont Av
681.0,883.0,EASTCHESTER RD
681.0,884.0,EASTCHESTER RD
682.0,456.0,101 AV
682.0,653.0,COLLEGE PT BLVD
682.0,692.0,7 AV
682.0,868.0,E GUN HILL RD
682.0,905.0,E 229 ST
683.0,446.0,CROSS BAY BLVD
683.0,447.0,WOODHAVEN BLVD
683.0,535.0,71ST AV @ AUSTIN STREET
683.0,807.0,Williamsbridge Rd
683.0,817.0,EASTCHESTER RD BETWEEN WATER PL & BASSET AV
683.0,824.0,EASTCHESTER RD
683.0,827.0,MORRIS PARK AV BETWEEN EASTCHESTER & SEMINOLE
683.0,827.0,MORRIS PARK AV BETWEEN NEWPORT & EASTCHESTER
683.0,869.0,E GUN HILL RD
683.0,928.0,BAYCHESTER AV
684.0,446.0,CROSS BAY BLVD
684.0,512.0,METROPOLITAN AV
684.0,537.0,71 AV
684.0,541.0,108 ST
684.0,827.0,EASTCHESTER RD
684.0,839.0,EASTCHESTER RD
684.0,840.0,PELHAM PKWY
684.0,842.0,PELHAM PKWY
685.0,435.0,CROSS BAY BLVD
685.0,537.0,QUEENS BLVD
685.0,834.0,EASTCHESTER RD
685.0,835.0,EASTCHESTER RD
685.0,852.0,EASTCHESTER RD
685.0,903.0,E 229 ST
686.0,425.0,CROSS BAY BLVD
686.0,430.0,CROSS BAY BLVD
686.0,846.0,EASTCHESTER RD
686.0,853.0,EASTCHESTER RD
686.0,858.0,ALLERTON AV
686.0,901.0,E 229 ST
687.0,426.0,CROSS BAY BLVD
687.0,447.0,ROCKAWAY BLVD
687.0,468.0,ATLANTIC AV
687.0,866.0,EASTCHESTER RD
687.0,890.0,BOSTON RD
688.0,535.0,QUEENS BLVD
688.0,644.0,COLLEGE PT BLVD
689.0,407.0,157 AV
689.0,469.0,ATLANTIC AV
689.0,493.0,MYRTLE AV
689.0,679.0,127 ST
689.0,892.0,BOSTON RD
690.0,407.0,CROSS BAY BLVD
690.0,408.0,CROSS BAY BLVD
690.0,776.0,Bruckner Blvd
690.0,892.0,BOSTON RD
691.0,535.0,QUEENS BLVD
692.0,392.0,CROSS BAY BLVD
692.0,460.0,101 AV
693.0,660.0,ULMER ST
693.0,893.0,BOSTON RD
694.0,227.0,NEWPORT AV
694.0,482.0,JAMAICA AV
695.0,487.0,111 ST
696.0,483.0,111 ST
696.0,509.0,PARK LANE SOUTH
696.0,585.0,HORACE HARDING EXPWY
696.0,896.0,BOSTON RD
697.0,492.0,MYRTLE AV
697.0,589.0,COLLEGE PT BLVD
697.0,801.0,E TREMONT AV
697.0,839.0,PELHAM PKWY
698.0,529.0,QUEENS BLVD
698.0,672.0,20 AV
699.0,453.0,LIBERTY AV
699.0,473.0,111 ST
699.0,487.0,JAMAICA AV
699.0,592.0,COLLEGE PT BLVD
700.0,473.0,111 ST
700.0,491.0,MYRTLE AV
700.0,506.0,METROPOLITAN AV
700.0,529.0,QUEENS BLVD
700.0,672.0,20 AV
700.0,864.0,BARTOW AV
701.0,378.0,165 AV
701.0,649.0,WHITESTONE EXPWY
701.0,865.0,BARTOW AV
701.0,883.0,BAYCHESTER AV
702.0,526.0,QUEENS BLVD
702.0,597.0,COLLEGE PT BLVD
702.0,883.0,BAYCHESTER AV
702.0,900.0,BIVONA ST
702.0,901.0,BOSTON RD
703.0,464.0,101 AV
703.0,464.0,111 ST
703.0,611.0,COLLEGE PT BLVD
703.0,869.0,BAYCHESTER AV
703.0,888.0,BAYCHESTER AV
703.0,896.0,BIVONA ST
703.0,900.0,BOSTON RD
704.0,403.0,101 ST
704.0,491.0,MYRTLE AV
704.0,672.0,20 AV
704.0,817.0,CROSBY AV
704.0,862.0,EDSON AV
704.0,869.0,BAYCHESTER AV
705.0,475.0,ATLANTIC AV
705.0,494.0,LEFFERTS BLVD
705.0,523.0,QUEENS BLVD
705.0,641.0,LINDEN PL
705.0,901.0,BOSTON RD
706.0,401.0,102 ST
706.0,456.0,111 ST
706.0,490.0,LEFFERTS BLVD
706.0,504.0,METROPOLITAN AV
706.0,902.0,DYRE AV
706.0,909.0,DYRE AV
707.0,457.0,LIBERTY AV
707.0,490.0,LEFFERTS BLVD
707.0,491.0,JAMAICA AV
707.0,509.0,LEFFERTS BLVD
707.0,635.0,LINDEN PL
707.0,647.0,31 RD
707.0,823.0,WESTCHESTER AV
707.0,867.0,ASCH LOOP
707.0,871.0,ASCH LOOP
707.0,872.0,ASCH LOOP
708.0,521.0,KEW GARDENS RD
708.0,521.0,QUEENS BLVD
708.0,522.0,QUEENS BLVD
708.0,553.0,JEWEL AV
708.0,642.0,32 AV
708.0,643.0,138 ST
708.0,650.0,139 ST
708.0,872.0,ASCH LOOP
708.0,886.0,Dreiser Loop West
709.0,441.0,ROCKAWAY BLVD
709.0,512.0,LEFFERTS BLVD
709.0,553.0,JEWEL AV
709.0,651.0,28 RD
709.0,881.0,DREISER LOOP
709.0,882.0,Dreiser Loop South
709.0,887.0,Dreiser Loop West
710.0,228.0,ROCKAWAY BEACH BLVD
710.0,491.0,JAMAICA AV
710.0,523.0,UNION TURNPIKE
710.0,787.0,E TREMONT AV
711.0,229.0,ROCKAWAY BEACH BLVD
711.0,477.0,LEFFERTS BLVD
711.0,636.0,UNION ST
711.0,653.0,141 ST
711.0,786.0,E TREMONT AV
711.0,868.0,BARTOW AV
711.0,886.0,Dreiser Loop East
711.0,887.0,Dreiser Loop East
712.0,441.0,ROCKAWAY BLVD
712.0,477.0,ATLANTIC AV
712.0,519.0,QUEENS BLVD
712.0,608.0,MAIN ST
712.0,612.0,MAIN ST
712.0,626.0,39 AV
712.0,633.0,NORTHERN BLVD
712.0,636.0,UNION ST
712.0,653.0,28 AV
712.0,764.0,BALCOM AV
712.0,830.0,Bruckner Blvd
713.0,626.0,39 AV
713.0,828.0,Bruckner Blvd
713.0,829.0,Bruckner Blvd
713.0,830.0,Bruckner Blvd
714.0,230.0,ROCKAWAY BEACH BLVD
714.0,468.0,101 AV
714.0,468.0,LEFFERTS BLVD
714.0,594.0,MAIN ST
714.0,597.0,MAIN ST
714.0,646.0,UNION ST
714.0,647.0,UNION ST
714.0,652.0,UNION ST
714.0,656.0,UNION ST
714.0,761.0,BALCOM AV
714.0,809.0,Bruckner Blvd
714.0,870.0,ASCH LOOP
715.0,230.0,ROCKAWAY BEACH BLVD
715.0,468.0,101 AV
715.0,468.0,LEFFERTS BLVD
715.0,518.0,QUEENS BLVD
715.0,556.0,JEWEL AV
715.0,586.0,HORACE HARDING EXPWY
715.0,586.0,MAIN ST
715.0,604.0,MAIN ST
715.0,634.0,NORTHERN BLVD
715.0,659.0,UNION ST
715.0,853.0,Hutchinson River Pkwy
715.0,890.0,COOP CITY BLVD
716.0,566.0,MAIN ST
716.0,569.0,MAIN ST
716.0,586.0,MAIN ST
716.0,780.0,E TREMONT AV
717.0,460.0,LEFFERTS BLVD @ LIBERTY AVE
717.0,573.0,MAIN ST
717.0,613.0,KISSENA BLVD
717.0,673.0,WHITESTONE EXPWY
717.0,758.0,DEWEY AV
717.0,851.0,HUNTER AV
717.0,857.0,Hutchinson River Pkwy E
717.0,877.0,COOP CITY BLVD
717.0,890.0,COOP CITY BLVD
718.0,459.0,LEFFERTS BLVD
718.0,461.0,LEFFERTS BLVD
718.0,469.0,101 AV
718.0,526.0,UNION TURNPIKE
718.0,557.0,JEWEL AV
718.0,613.0,KISSENA BLVD
718.0,623.0,BOWNE ST
718.0,634.0,NORTHERN BLVD
718.0,775.0,E TREMONT AV
718.0,858.0,Hutchinson River Pkwy E
718.0,878.0,COOP CITY BLVD
719.0,232.0,ROCKAWAY BEACH BLVD
719.0,479.0,ATLANTIC AV
719.0,558.0,MAIN ST
719.0,760.0,DEWEY AV
719.0,859.0,Hutchinson River Pkwy
720.0,611.0,KISSENA BLVD
720.0,620.0,SANFORD AV
720.0,634.0,NORTHERN BLVD
720.0,760.0,DEWEY AV
720.0,849.0,EARHART LANE
720.0,859.0,Hutchinson River Pkwy E
721.0,462.0,LIBERTY AV
721.0,625.0,41 AV
721.0,673.0,PARSONS BLVD
721.0,683.0,PARSONS BLVD
721.0,771.0,RANDALL AV
722.0,471.0,101 AV
722.0,529.0,UNION TURNPIKE
722.0,608.0,KISSENA BLVD
722.0,761.0,DEWEY AV
723.0,447.0,LEFFERTS BLVD
723.0,495.0,JAMAICA AV
723.0,625.0,41 AV
724.0,444.0,LEFFERTS BLVD
724.0,463.0,LIBERTY AV
724.0,546.0,MAIN ST
724.0,615.0,BOWNE ST
725.0,540.0,MAIN ST
725.0,542.0,MAIN ST
726.0,438.0,LEFFERTS BLVD
726.0,464.0,LIBERTY AV
726.0,472.0,127 ST
726.0,473.0,101 AV
726.0,560.0,JEWEL AV
726.0,603.0,KISSENA BLVD
726.0,604.0,KISSENA BLVD
726.0,763.0,E TREMONT AV
726.0,913.0,ROPES AV
727.0,513.0,MAIN ST
727.0,515.0,MAIN ST
727.0,536.0,MAIN ST
727.0,611.0,BOWNE ST
728.0,627.0,41 AV
729.0,507.0,QUEENS BLVD
729.0,508.0,QUEENS BLVD
729.0,530.0,UNION TURNPIKE
729.0,623.0,SANFORD AV
729.0,661.0,WILLETS PT BLVD
730.0,531.0,Main St
730.0,624.0,Sanford Av
730.0,636.0,NORTHERN BLVD
730.0,650.0,BAYSIDE AV
731.0,493.0,VAN WYCK EXPWY SRV RD
731.0,530.0,UNION TURNPIKE
731.0,615.0,PARSONS BLVD
732.0,467.0,LIBERTY AV
732.0,614.0,45 AV
733.0,531.0,UNION TURNPIKE
733.0,559.0,KISSENA BLVD
733.0,562.0,JEWEL AV
733.0,567.0,KISSENA BLVD
733.0,570.0,KISSENA BLVD
733.0,574.0,KISSENA BLVD
733.0,579.0,KISSENA BLVD
733.0,636.0,150 ST
734.0,496.0,QUEENS BLVD
734.0,562.0,JEWEL AV
734.0,563.0,KISSENA BLVD
734.0,566.0,KISSENA BLVD
734.0,571.0,KISSENA BLVD
734.0,576.0,HORACE HARDING EXPWY
734.0,593.0,KISSENA BLVD
734.0,625.0,SANFORD AV
734.0,630.0,41 AV
735.0,553.0,KISSENA BLVD
736.0,240.0,ROCKAWAY BEACH BLVD
736.0,611.0,46 AV
736.0,636.0,NORTHERN BLVD
738.0,435.0,ROCKAWAY BLVD
739.0,533.0,UNION TURNPIKE
739.0,550.0,KISSENA BLVD
740.0,240.0,ROCKAWAY BEACH BLVD
740.0,241.0,ROCKAWAY BEACH BLVD
740.0,472.0,LIBERTY AV
740.0,547.0,PARSONS BLVD
740.0,563.0,JEWEL AV
740.0,763.0,EDGEWATER PARK
741.0,544.0,PARSONS BLVD
741.0,547.0,PARSONS BLVD
741.0,684.0,CROSS ISLAND PKWY
742.0,503.0,SUTPHIN BLVD
742.0,757.0,Throgs Neck Expwy
743.0,241.0,ROCKAWAY BEACH BLVD
743.0,435.0,ROCKAWAY BLVD
743.0,534.0,PARSONS BLVD
743.0,534.0,UNION TURNPIKE
743.0,536.0,PARSONS BLVD
744.0,495.0,JAMAICA AV
744.0,535.0,UNION TURNPIKE
744.0,562.0,JEWEL AV
744.0,577.0,HORACE HARDING EXPWY
745.0,242.0,ROCKAWAY BEACH BLVD
745.0,493.0,SUTPHIN BLVD
745.0,494.0,SUTPHIN BLVD
745.0,495.0,SUTPHIN BLVD
745.0,529.0,PARSONS BLVD
745.0,626.0,SANFORD AV
745.0,632.0,NORTHERN BLVD
745.0,684.0,154 ST
746.0,478.0,LIBERTY AV
746.0,523.0,PARSONS BLVD
746.0,537.0,UNION TURNPIKE
746.0,696.0,154 ST
747.0,241.0,ROCKAWAY BEACH BLVD
747.0,505.0,HILLSIDE AV
747.0,519.0,PARSONS BLVD
747.0,521.0,PARSONS BLVD
747.0,632.0,NORTHERN BLVD
748.0,518.0,PARSONS BLVD
749.0,242.0,ROCKAWAY BEACH BLVD
749.0,561.0,JEWEL AV
750.0,434.0,ROCKAWAY BLVD
750.0,538.0,UNION TURNPIKE
750.0,543.0,164 ST
750.0,561.0,164 ST
750.0,568.0,164 ST
750.0,572.0,164 ST
750.0,610.0,46 AV
750.0,630.0,NORTHERN BLVD
751.0,464.0,142 ST
751.0,506.0,153 ST
751.0,538.0,164 ST
751.0,545.0,164 ST
751.0,575.0,HORACE HARDING EXPWY
751.0,577.0,HORACE HARDING EXPWY
752.0,510.0,PARSONS BLVD
752.0,529.0,164 ST
752.0,534.0,164 ST
753.0,531.0,164 ST
753.0,672.0,FRANCIS LEWIS BLVD
754.0,243.0,ROCKAWAY BEACH BLVD
754.0,507.0,PARSONS BLVD
754.0,524.0,164 ST
754.0,627.0,NORTHERN BLVD
754.0,668.0,FRANCIS LEWIS BLVD
755.0,479.0,SOUTH RD
755.0,479.0,SUTPHIN BLVD
755.0,505.0,PARSONS BLVD
755.0,649.0,29 AV
756.0,455.0,142 ST
756.0,455.0,LINDEN BLVD
756.0,495.0,ARCHER AV
756.0,503.0,PARSONS BLVD
756.0,624.0,SANFORD AV
756.0,625.0,NORTHERN BLVD
757.0,509.0,HILLSIDE AV
757.0,575.0,HORACE HARDING EXPWY
758.0,250.0,BEACH CHANNEL DR
758.0,434.0,ROCKAWAY BLVD
758.0,542.0,UNION TURNPIKE
758.0,662.0,FRANCIS LEWIS BLVD
759.0,514.0,164 ST
759.0,542.0,UNION TURNPIKE
759.0,623.0,NORTHERN BLVD
759.0,675.0,WILLETS PT BLVD
759.0,700.0,POWELLS COVE BLVD
760.0,496.0,ARCHER AV
760.0,499.0,JAMAICA AV
760.0,510.0,HILLSIDE AV
760.0,511.0,164 ST
762.0,543.0,UNION TURNPIKE
762.0,622.0,NORTHERN BLVD
763.0,500.0,JAMAICA AV
763.0,699.0,166 ST
764.0,252.0,BEACH CHANNEL DR
765.0,432.0,ROCKAWAY BLVD
765.0,433.0,ROCKAWAY BLVD
765.0,512.0,HILLSIDE AV
765.0,620.0,NORTHERN BLVD
765.0,653.0,FRANCIS LEWIS BLVD
766.0,252.0,BEACH CHANNEL DR
766.0,432.0,143 ST
766.0,466.0,SUTPHIN BLVD
766.0,545.0,UNION TURNPIKE
766.0,575.0,HORACE HARDING EXPWY
766.0,652.0,FRANCIS LEWIS BLVD
767.0,499.0,ARCHER AV
767.0,503.0,JAMAICA AV
767.0,677.0,UTOPIA PKWY
768.0,610.0,46 AV
768.0,672.0,UTOPIA PKWY
768.0,674.0,UTOPIA PKWY
769.0,432.0,ROCKAWAY BLVD
769.0,546.0,UNION TURNPIKE
769.0,578.0,HORACE HARDING EXPWY
769.0,663.0,UTOPIA PKWY
769.0,666.0,UTOPIA PKWY
769.0,670.0,UTOPIA PKWY
770.0,501.0,MERRICK BLVD
770.0,501.0,MERRICK BLVD BETWEEN JAMAICA AV & ARCHER AV
770.0,576.0,UTOPIA PKWY
770.0,662.0,UTOPIA PKWY
771.0,577.0,HORACE HARDING EXPWY
771.0,577.0,UTOPIA PKWY
771.0,608.0,UTOPIA PKWY
771.0,609.0,46 AV
771.0,619.0,NORTHERN BLVD
772.0,501.0,ARCHER AV
772.0,505.0,JAMAICA AV
772.0,548.0,UNION TURNPIKE
772.0,548.0,UTOPIA PKWY
772.0,644.0,FRANCIS LEWIS BLVD
773.0,506.0,JAMAICA AV
773.0,515.0,HILLSIDE AV
773.0,546.0,UTOPIA PKWY
773.0,547.0,UTOPIA PKWY
774.0,432.0,ROCKAWAY BLVD
774.0,506.0,169 ST
774.0,542.0,UTOPIA PKWY
774.0,578.0,HORACE HARDING EXPWY
775.0,496.0,LIBERTY AV
775.0,517.0,HILLSIDE AV
775.0,538.0,UTOPIA PKWY
775.0,640.0,FRANCIS LEWIS BLVD
776.0,507.0,JAMAICA AV
776.0,550.0,UNION TURNPIKE
776.0,619.0,NORTHERN BLVD
777.0,517.0,HILLSIDE AV
778.0,490.0,MERRICK BLVD
778.0,634.0,FRANCIS LEWIS BLVD
778.0,635.0,FRANCIS LEWIS BLVD
779.0,430.0,ROCKAWAY BLVD
779.0,432.0,SUTPHIN BLVD
779.0,490.0,MERRICK BLVD
779.0,507.0,JAMAICA AV
779.0,517.0,HILLSIDE AV
779.0,620.0,NORTHERN BLVD
780.0,508.0,JAMAICA AV
780.0,582.0,HORACE HARDING EXPWY
780.0,688.0,CROSS ISLAND PKWY
781.0,257.0,BEACH CHANNEL DR
781.0,580.0,188 ST
781.0,581.0,188 ST
781.0,818.0,CITY ISLAND AV
782.0,257.0,BEACH CHANNEL DR
782.0,466.0,GUY BREWER BLVD
782.0,467.0,GUY BREWER BLVD
782.0,581.0,HORACE HARDING EXPWY
784.0,257.0,BEACH CHANNEL DR
784.0,464.0,GUY BREWER BLVD
785.0,460.0,GUY BREWER BLVD
786.0,619.0,NORTHERN BLVD
786.0,800.0,CITY ISLAND AV
787.0,456.0,GUY BREWER BLVD
787.0,554.0,UNION TURNPIKE
787.0,619.0,NORTHERN BLVD
787.0,620.0,FRANCIS LEWIS BLVD
787.0,661.0,CORPORAL KENNEDY ST
788.0,502.0,177 ST
788.0,666.0,23 AV
788.0,688.0,CROSS ISLAND PKWY
790.0,257.0,BEACH CHANNEL DR
790.0,258.0,BEACH CHANNEL DR
790.0,556.0,UNION TURNPIKE
790.0,673.0,211 ST
791.0,555.0,188 ST
791.0,556.0,UNION TURNPIKE
791.0,609.0,47 AV
791.0,610.0,FRANCIS LEWIS BLVD
791.0,669.0,211 ST
792.0,675.0,18 Av
793.0,442.0,GUY BREWER BLVD
794.0,472.0,LINDEN BLVD
794.0,472.0,MERRICK BLVD
795.0,439.0,GUY BREWER BLVD
795.0,543.0,188 ST
796.0,558.0,UNION TURNPIKE
796.0,568.0,73 AV
797.0,558.0,UNION TURNPIKE
797.0,621.0,NORTHERN BLVD
797.0,674.0,23 AV
798.0,588.0,HORACE HARDING EXPWY
798.0,673.0,BELL BLVD
799.0,586.0,HORACE HARDING EXPWY
800.0,258.0,BEACH CHANNEL DR
800.0,432.0,GUY BREWER BLVD
800.0,463.0,MERRICK BLVD
800.0,586.0,FRANCIS LEWIS BLVD
800.0,668.0,BELL BLVD
801.0,429.0,GUY BREWER BLVD
801.0,523.0,HILLSIDE AV
802.0,403.0,ROCKAWAY BLVD
802.0,447.0,BEDELL ST
803.0,426.0,GUY BREWER BLVD
803.0,459.0,MERRICK BLVD
803.0,525.0,HILLSIDE AV
804.0,259.0,BEACH CHANNEL DR
804.0,445.0,BEDELL ST
804.0,445.0,Bedell St
804.0,641.0,BELL BLVD
805.0,458.0,MERRICK BLVD
805.0,560.0,UNION TURNPIKE
805.0,572.0,73 AV
807.0,475.0,LINDEN BLVD
808.0,442.0,BEDELL ST
808.0,456.0,MERRICK BLVD
808.0,514.0,WOODHULL AV
808.0,561.0,UNION TURNPIKE
809.0,259.0,BEACH CHANNEL DR
809.0,454.0,MERRICK BLVD
809.0,561.0,FRANCIS LEWIS BLVD
809.0,562.0,FRANCIS LEWIS BLVD
810.0,561.0,UNION TURNPIKE
811.0,260.0,BEACH CHANNEL DR
811.0,474.0,LINDEN BLVD
811.0,624.0,NORTHERN BLVD
811.0,625.0,NORTHERN BLVD
812.0,410.0,GUY BREWER BLVD
812.0,411.0,FARMERS BLVD
812.0,438.0,BEDELL ST
813.0,614.0,48 AV
814.0,520.0,JAMAICA AV
814.0,592.0,HORACE HARDING EXPWY
816.0,435.0,BEDELL ST
816.0,473.0,LINDEN BLVD
817.0,495.0,FARMERS BLVD
818.0,532.0,HILLSIDE AV
819.0,472.0,LINDEN BLVD
819.0,578.0,73 AV
820.0,627.0,NORTHERN BLVD
821.0,472.0,LINDEN BLVD
821.0,489.0,FARMERS BLVD
821.0,543.0,FRANCIS LEWIS BLVD
822.0,535.0,HILLSIDE AV
823.0,445.0,FARMERS BLVD
823.0,472.0,LINDEN BLVD
823.0,480.0,Farmers Blvd
825.0,473.0,LINDEN BLVD
826.0,537.0,HILLSIDE AV
826.0,538.0,FRANCIS LEWIS BLVD
827.0,537.0,HILLSIDE AV
828.0,628.0,NORTHERN BLVD
829.0,489.0,MURDOCK AV
829.0,581.0,73 AV
830.0,601.0,HORACE HARDING EXPWY
831.0,417.0,SPRINGFIELD BLVD
831.0,445.0,MERRICK BLVD
831.0,504.0,HOLLIS AV
831.0,583.0,73 AV
831.0,601.0,SPRINGFIELD BLVD
832.0,258.0,SEAGIRT BLVD
832.0,427.0,SPRINGFIELD BLVD
832.0,475.0,LINDEN BLVD
832.0,543.0,HILLSIDE AV
832.0,599.0,SPRINGFIELD BLVD
833.0,257.0,SEAGIRT BLVD
833.0,446.0,MERRICK BLVD
833.0,567.0,UNION TURNPIKE
834.0,591.0,SPRINGFIELD BLVD
835.0,477.0,LINDEN BLVD
835.0,545.0,HILLSIDE AV
835.0,591.0,SPRINGFIELD BLVD
836.0,277.0,BEACH 21 ST
836.0,446.0,MERRICK BLVD
836.0,585.0,73 AV
837.0,257.0,SEAGIRT BLVD
837.0,290.0,BEACH CHANNEL DR
837.0,585.0,SPRINGFIELD BLVD
838.0,446.0,Merrick Blvd
838.0,478.0,LINDEN BLVD
839.0,416.0,NORTH CONDUIT AV
840.0,257.0,SEAGIRT BLVD
840.0,479.0,LINDEN BLVD
841.0,445.0,MERRICK BLVD
841.0,506.0,FRANCIS LEWIS BLVD
841.0,524.0,JAMAICA AV
843.0,274.0,CORNAGA AV
843.0,579.0,SPRINGFIELD BLVD
845.0,525.0,JAMAICA AV
847.0,511.0,HOLLIS AV
848.0,570.0,SPRINGFIELD BLVD
848.0,570.0,UNION TURNPIKE
848.0,571.0,SPRINGFIELD BLVD
849.0,482.0,FRANCIS LEWIS BLVD
849.0,482.0,LINDEN BLVD
849.0,483.0,FRANCIS LEWIS BLVD
849.0,570.0,UNION TURNPIKE
850.0,442.0,MERRICK BLVD
851.0,441.0,MERRICK BLVD
851.0,474.0,Springfield Blvd
851.0,526.0,JAMAICA AV
851.0,557.0,HILLSIDE AV
851.0,558.0,SPRINGFIELD BLVD
852.0,260.0,SEAGIRT BLVD
852.0,556.0,HILLSIDE AV
853.0,259.0,SEAGIRT AV
854.0,559.0,HILLSIDE AV
855.0,482.0,LINDEN BLVD
856.0,438.0,MERRICK BLVD
857.0,481.0,LINDEN BLVD
857.0,608.0,DOUGLASTON PKWY
858.0,396.0,243 ST
858.0,498.0,MURDOCK AV
858.0,561.0,HILLSIDE AV
858.0,562.0,HILLSIDE AV
859.0,499.0,SPRINGFIELD BLVD
860.0,401.0,243 ST
860.0,502.0,SPRINGFIELD BLVD
860.0,574.0,UNION TURNPIKE
861.0,516.0,HOLLIS AV
861.0,530.0,JAMAICA AV
861.0,615.0,DOUGLASTON PKWY
862.0,437.0,MERRICK BLVD
862.0,479.0,LINDEN BLVD
862.0,522.0,HEMPSTEAD AV
865.0,575.0,UNION TURNPIKE
866.0,414.0,SUNRISE HWY
866.0,477.0,LINDEN BLVD
867.0,413.0,243 ST
867.0,520.0,HEMPSTEAD AV
867.0,565.0,HILLSIDE AV
867.0,647.0,NORTHERN BLVD
868.0,565.0,HILLSIDE AV
870.0,414.0,SUNRISE HWY
871.0,475.0,LINDEN BLVD
871.0,519.0,HEMPSTEAD AV
871.0,577.0,UNION TURNPIKE
871.0,578.0,UNION TURNPIKE
872.0,626.0,HORACE HARDING EXPWY
875.0,517.0,HEMPSTEAD AV
875.0,563.0,HILLSIDE AV
876.0,446.0,237 ST
878.0,517.0,HEMPSTEAD AV
881.0,469.0,235 ST
882.0,582.0,UNION TURNPIKE
884.0,635.0,NASSAU BLVD
885.0,583.0,UNION TURNPIKE
885.0,634.0,HORACE HARDING EXPWY
887.0,545.0,JAMAICA AV
892.0,606.0,LITTLE NECK PKWY
894.0,601.0,LITTLE NECK PKWY
895.0,595.0,LITTLE NECK PKWY
895.0,596.0,LITTLE NECK PKWY
897.0,589.0,LITTLE NECK PKWY
898.0,588.0,LITTLE NECK PKWY
898.0,589.0,UNION TURNPIKE
901.0,591.0,UNION TURNPIKE
905.0,593.0,UNION TURNPIKE
906.0,595.0,UNION TURNPIKE
